date,credit_spread,credit_spread_diff,industrial_production,industrial_production_mom,industrial_production_yoy,price_index,inflation_mom,inflation_yoy,real_interest,real_interest_diff,volatility_index,volatility_index_mom,yield_curve_slope,yield_curve_slope_diff,target_3m,target_6m,target_12m
1990-02-01,0.752,-0.0419130434782609,61.729,-0.0050577988098537,-0.0084873444763192,127.5,0.009501187648456,0.051980198019802,4.1276234,0.0979575700000001,23.1385,-0.0089420605871817,0.1005,-0.0203695652173912,0,1,1
1990-03-01,0.78,0.028,62.2896,0.0090816310000161,0.0049643524964546,128.0,0.0039215686274509,0.0526315789473683,4.36692739,0.2393039899999998,20.062272727272727,-0.1329484310878956,-0.0381818181818181,-0.1386818181818181,0,1,1
1990-04-01,0.6819047619047619,-0.0980952380952381,62.5999,0.0049815699571036,0.0074512890086244,128.6,0.0046874999999999,0.0523731587561373,4.55196762,0.1850402300000002,21.327142857142857,0.0630472004375983,0.0619047619047619,0.10008658008658,1,1,1
1990-05-01,0.707391304347826,0.0254865424430641,62.4359,-0.0026198124917132,0.0049623677721333,128.9,0.0023328149300156,0.0471161657189278,4.55216196,0.0001943400000001,18.06391304347826,-0.1530082972446391,0.1178260869565217,0.0559213250517598,1,1,1
1990-06-01,0.7766666666666666,0.0692753623188405,62.6258,0.0030415193822785,0.0137824082467818,129.1,0.0015515903801395,0.0436540016168147,4.80506176,0.2528997999999998,16.82238095238095,-0.0687299638848487,0.129047619047619,0.0112215320910973,1,1,1
1990-07-01,0.7731818181818183,-0.0034848484848483,62.8382,0.0033915734409779,0.0172981251325488,129.9,0.0061967467079784,0.0467365028203063,4.38261115,-0.4224506100000003,18.28909090909091,0.0871880122594874,0.3090909090909091,0.18004329004329,1,1,1
1990-08-01,0.6556521739130435,-0.1175296442687747,62.7284,-0.0017473447679914,0.0254128401374444,130.5,0.0046189376443417,0.0481927710843372,4.3418185,-0.0407926500000002,28.175217391304347,0.540547724944566,0.691304347826087,0.3822134387351779,1,1,1
1990-09-01,0.673,0.0173478260869565,62.9475,0.003492835780922,0.0190098618818514,131.6,0.0084291187739462,0.0570281124497991,4.17053207,-0.1712864299999994,29.147,0.0344906871595449,0.8125,0.121195652173913,1,1,1
1990-10-01,0.8156521739130433,0.1426521739130433,62.9523,7.62540212082552e-05,0.022291473150199,132.5,0.0068389057750759,0.061698717948718,4.3987447,0.2282126299999998,29.625652173913043,0.0164220048002554,0.8417391304347825,0.0292391304347825,1,1,1
1990-11-01,0.9072727272727272,0.091620553359684,62.5845,-0.0058425188595174,0.0176904089006546,133.4,0.0067924528301888,0.0637958532695375,4.20053902,-0.19820568,24.71318181818182,-0.1658181337880188,0.7949999999999999,-0.0467391304347826,1,1,1
1990-12-01,0.9728571428571428,0.0655844155844155,61.7887,-0.0127156084973116,0.0013661910657911,133.7,0.0022488755622187,0.0619539316918187,4.05885498,-0.1416840400000003,23.394761904761907,-0.0533488533819604,0.7652380952380953,-0.0297619047619046,1,1,1
1991-01-01,0.9521739130434782,-0.0206832298136646,61.3352,-0.0073395297198354,-0.011405030076012,134.2,0.0037397157816005,0.0625494853523356,3.8939207,-0.1649342799999997,27.38347826086957,0.1704961295329863,0.962608695652174,0.1973706004140786,1,1,1
1991-02-01,0.977,0.0248260869565217,61.1355,-0.0032558791688948,-0.0096146057768633,134.7,0.003725782414307,0.056470588235294,3.92293115,0.0290104500000003,21.497,-0.2149645930583341,0.9865,0.0238913043478261,1,1,1
1991-03-01,0.8195238095238095,-0.1574761904761904,60.6838,-0.0073885058599341,-0.0257795843929002,134.8,0.0007423904974017,0.053125,3.90705382,-0.0158773300000003,17.86904761904762,-0.1687655198842805,1.0080952380952382,0.0215952380952381,0,0,0
1991-04-01,0.8190909090909091,-0.0004329004329004,60.3346,-0.0057544188069962,-0.0361869587651098,134.8,0.0,0.0482115085536549,4.17583618,0.2687823600000003,17.37272727272727,-0.0277754224456424,1.0909090909090908,0.0828138528138526,0,0,0
1991-05-01,0.7873913043478261,-0.0316996047430829,60.4938,0.0026386186367357,-0.0311055018026487,135.1,0.0022255192878337,0.0480993017843287,4.1098331,-0.0660030799999997,16.858260869565218,-0.029613450731463,1.2895652173913044,0.1986561264822135,0,0,0
1991-06-01,0.723,-0.0643913043478261,61.0633,0.0094141879002476,-0.0249497810806408,135.6,0.0037009622501851,0.0503485670023238,4.04991631,-0.0599167899999999,17.134999999999998,0.0164156393459533,1.328,0.0384347826086957,0,0,0
1991-07-01,0.7278260869565216,0.0048260869565216,61.5581,0.0081030668175483,-0.0203713664618018,136.0,0.0029498525073747,0.0469591993841416,4.18764426,0.1377279499999995,17.38869565217391,0.014805698988848,1.3521739130434782,0.0241739130434781,0,0,0
1991-08-01,0.8513636363636364,0.1235375494071148,61.7305,0.0028006062565282,-0.0159082648369797,136.2,0.0014705882352941,0.0436781609195402,4.22225375,0.0346094900000002,15.681363636363637,-0.0981863188569193,1.466818181818182,0.1146442687747038,0,0,0
1991-09-01,0.953809523809524,0.1024458874458874,61.7298,-1.1339613319227835e-05,-0.0193446920052424,136.6,0.0029368575624082,0.0379939209726443,4.13991739,-0.0823363600000002,16.837619047619047,0.0737343663515435,1.468095238095238,0.001277056277056,0,0,0
1991-10-01,1.021304347826087,0.0674948240165631,62.2195,0.007932959445843,-0.0116405595982991,137.0,0.0029282576866764,0.0339622641509433,3.87849555,-0.2614218400000001,16.36391304347826,-0.0281337879661657,1.6134782608695653,0.1453830227743271,0,0,0
1991-11-01,1.0642857142857145,0.0429813664596272,62.1855,-0.0005464524787245,-0.0063753804855835,137.2,0.0014598540145984,0.0284857571214391,3.63786206,-0.24063349,17.871904761904762,0.0921534913085782,1.860952380952381,0.2474741200828156,0,0,0
1991-12-01,1.2259090909090908,0.1616233766233765,62.0871,-0.0015823624478374,0.0048293620030848,137.8,0.0043731778425657,0.0306656694091251,3.56505772,-0.0728043399999998,18.225909090909088,0.019807867920095,2.061818181818182,0.200865800865801,0,0,0
1992-01-01,1.1778260869565218,-0.048083003952569,61.7852,-0.0048625237770808,0.0073367332298581,138.2,0.0029027576197386,0.0298062593144561,3.41033346,-0.15472426,17.753913043478263,-0.0258969824263115,2.0682608695652176,0.0064426877470356,0,0,0
1992-02-01,0.9465,-0.2313260869565218,61.4616,-0.0052375002427766,0.0053340530461023,138.3,0.0007235890014474,0.0267260579064589,3.19854245,-0.2117910099999997,17.455000000000002,-0.016836459812901,2.1265,0.0582391304347824,0,0,0
1992-03-01,0.8063636363636363,-0.1401363636363637,61.8955,0.0070596925560024,0.0199674377675755,138.6,0.002169197396963,0.0281899109792282,3.62829159,0.4297491399999997,17.520454545454545,0.003749902346293,1.8572727272727272,-0.2692272727272728,0,0,0
1992-04-01,0.8463636363636364,0.0400000000000001,62.4232,0.0085256601853123,0.0346169527932562,139.1,0.0036075036075036,0.0318991097922847,3.66026498,0.0319733900000001,16.485,-0.0590997535348294,2.135,0.2777272727272726,0,0,0
1992-05-01,0.8871428571428571,0.0407792207792206,62.897,0.0075901267477476,0.0397263851832749,139.4,0.0021567217828901,0.0318282753515914,3.78985987,0.1295948899999999,15.012857142857142,-0.0893019628233459,2.163809523809524,0.028809523809524,0,0,0
1992-06-01,0.9595454545454544,0.0724025974025973,63.104,0.0032910949647837,0.0334194188653413,139.7,0.0021520803443326,0.03023598820059,3.74616997,-0.0436898999999999,15.203181818181816,0.0126774453066202,2.213636363636364,0.04982683982684,0,0,0
1992-07-01,1.221304347826087,0.2617588932806325,63.1363,0.0005118534482757,0.0256375684109808,140.1,0.0028632784538296,0.0301470588235293,3.56857666,-0.1775933099999997,13.61391304347826,-0.1045352738466176,2.4843478260869567,0.2707114624505928,0,0,0
1992-08-01,1.3642857142857143,0.1429813664596273,63.7176,0.009207064715544,0.0321899223236488,140.5,0.0028551034975017,0.0315712187958885,3.35309944,-0.2154772200000003,14.421904761904765,0.059350439204808,2.392857142857143,-0.0914906832298139,0,0,0
1992-09-01,1.5045454545454546,0.1402597402597403,63.3613,-0.0055918615892626,0.0264296984600631,140.8,0.0021352313167259,0.0307467057101025,3.1248226,-0.2282768399999999,13.664090909090907,-0.0525460308693486,2.520454545454545,0.1275974025974022,0,0,0
1992-10-01,1.4036363636363636,-0.100909090909091,63.5703,0.0032985434326631,0.0217102355370906,141.1,0.0021306818181816,0.0299270072992701,2.95734236,-0.1674802399999997,17.63681818181818,0.2907421576128539,2.506818181818182,-0.0136363636363632,0,0,0
1992-11-01,1.2219047619047618,-0.1817316017316017,63.9995,0.0067515805336768,0.029170787402208,141.7,0.0042523033309709,0.0327988338192419,2.72804375,-0.2292986100000003,14.332857142857144,-0.1873331688800361,2.291904761904762,-0.2149134199134197,0,0,0
1992-12-01,1.2078260869565218,-0.01407867494824,64.2422,0.0037922171266961,0.0347109141834616,142.1,0.0028228652081863,0.0312046444121913,3.32463334,0.5965895900000002,12.164347826086958,-0.1512963741392534,2.09608695652174,-0.1958178053830228,0,0,0
1993-01-01,1.3009523809523809,0.093126293995859,64.3507,0.00168892098963,0.0415228889766481,142.3,0.0014074595355384,0.0296671490593345,3.50968543,0.1850520900000001,12.416666666666666,0.0207424881454474,2.2104761904761907,0.1143892339544514,0,0,0
1993-02-01,1.4460000000000002,0.1450476190476193,64.5978,0.0038398960695067,0.0510269827013942,142.8,0.0035137034434293,0.0325379609544469,3.26790846,-0.2417769700000001,13.6545,0.0996912751677852,2.16,-0.0504761904761905,0,0,0
1993-03-01,1.6078260869565215,0.1618260869565213,64.9089,0.0048159534844838,0.0486852840675009,143.1,0.0021008403361342,0.0324675324675325,3.00478524,-0.2631232200000002,13.60608695652174,-0.0035455742413313,2.0256521739130435,-0.1343478260869566,0,0,0
1993-04-01,1.495,-0.1128260869565214,64.8522,-0.0008735319809765,0.0389118148380729,143.3,0.0013976240391335,0.0301941049604601,2.67342493,-0.33136031,12.840454545454548,-0.0562713154424024,2.1313636363636363,0.1057114624505928,0,0,0
1993-05-01,1.3895238095238096,-0.1054761904761905,65.0301,0.0027431606021077,0.0339141771467639,143.8,0.0034891835310537,0.0315638450502151,2.77451693,0.1010919999999999,13.599523809523811,0.0591154512001268,2.051904761904762,-0.0794588744588744,0,0,0
1993-06-01,1.3636363636363635,-0.025887445887446,64.784,-0.0037844013772083,0.0266227180527385,144.2,0.002781641168289,0.0322118826055835,2.66472062,-0.1097963099999996,12.524090909090908,-0.0790787174238977,1.799090909090909,-0.2528138528138528,0,0,0
1993-07-01,1.3745454545454543,0.0109090909090909,64.9301,0.0022551864657938,0.0284115477150228,144.3,0.0006934812760057,0.0299785867237689,2.76123734,0.0965167199999998,11.492727272727272,-0.0823503792690451,1.7377272727272726,-0.0613636363636365,0,0,0
1993-08-01,1.1686363636363637,-0.2059090909090908,65.1052,0.0026967461932139,0.0217773425238867,144.5,0.0013860013860012,0.0284697508896796,2.59179878,-0.1694385600000001,11.928636363636365,0.0379291251384275,1.6763636363636365,-0.061363636363636,0,0,0
1993-09-01,1.2922727272727272,0.1236363636363635,65.0267,-0.0012057408624809,0.0262841829318527,144.8,0.002076124567474,0.0284090909090908,2.70290307,0.1111042900000001,12.850909090909092,0.0773158556567465,1.5168181818181816,-0.1595454545454548,0,0,0
1993-10-01,1.3395238095238096,0.0472510822510823,65.3717,0.0053055129662122,0.0283371322771797,145.0,0.0013812154696131,0.0276399716513111,2.45058069,-0.2523223800000003,11.875238095238094,-0.0759223327135043,1.4604761904761905,-0.0563419913419911,0,0,0
1993-11-01,1.2013636363636364,-0.1381601731601731,65.8509,0.007330389143926,0.0289283510027422,145.6,0.0041379310344826,0.0275229357798165,2.39884319,-0.0517374999999997,14.057727272727272,0.1837848774050554,1.5718181818181818,0.1113419913419913,0,0,0
1993-12-01,1.158695652173913,-0.0426679841897235,66.1518,0.0045694136298819,0.0297250094174856,146.0,0.0027472527472527,0.0274454609429979,2.56229533,0.1634521399999999,11.274782608695652,-0.1979654755026211,1.5608695652173912,-0.0109486166007906,0,0,0
1994-01-01,1.1723809523809523,0.0136853002070393,66.5436,0.0059227413313016,0.0340773293841403,146.3,0.002054794520548,0.028109627547435,2.72011647,0.1578211399999998,11.29047619047619,0.0013919187912707,1.6104761904761904,0.0496066252587992,0,0,0
1994-02-01,1.101,-0.0713809523809523,66.7351,0.0028778124417676,0.0330862660957493,146.3,0.0,0.0245098039215685,2.77268493,0.0525684600000002,13.697,0.2131463517503162,1.5,-0.1104761904761904,0,0,0
1994-03-01,1.0017391304347825,-0.0992608695652175,66.774,0.0005829016514546,0.0287341181255573,146.7,0.0027341079972658,0.0251572327044025,2.62016875,-0.1525161800000001,15.223478260869564,0.1114461751383197,1.4873913043478262,-0.0126086956521738,0,0,0
1994-04-01,0.9095238095238096,-0.0922153209109728,67.4552,0.0102015754635038,0.0401374201646205,147.1,0.0027266530334015,0.0265177948360082,2.97120305,0.3510343000000002,16.53333333333333,0.0860417737666836,1.4219047619047618,-0.0654865424430644,0,0,0
1994-05-01,0.8104545454545454,-0.0990692640692642,67.8541,0.0059135544776385,0.0434260442472023,147.2,0.0006798096532969,0.0236439499304588,3.65918278,0.6879797299999999,13.833181818181815,-0.1633156158357771,1.2122727272727272,-0.2096320346320346,0,0,0
1994-06-01,0.864090909090909,0.0536363636363635,68.1663,0.004601048425961,0.0522088787354901,147.5,0.0020380434782609,0.022884882108183,3.62457709,-0.0346056900000002,13.408636363636363,-0.0306903690073275,1.17,-0.0422727272727272,0,0,0
1994-07-01,0.8161904761904762,-0.0479004329004327,68.6265,0.0067511365586805,0.0569289127846714,147.9,0.0027118644067796,0.0249480249480249,3.59356552,-0.0310115699999999,12.573809523809524,-0.0622603833221141,1.167142857142857,-0.0028571428571428,0,0,0
1994-08-01,0.837391304347826,0.0212008281573498,68.7178,0.0013303898639738,0.0554886552840634,148.4,0.0033806626098715,0.0269896193771626,3.7864194,0.1928538800000003,11.889130434782608,-0.0544527963248068,1.058695652173913,-0.108447204968944,0,0,0
1994-09-01,0.8818181818181817,0.0444268774703556,69.1785,0.006704230927067,0.0638476195162909,149.0,0.0040431266846361,0.0290055248618783,3.58028405,-0.2061353500000002,13.15,0.1060522947522399,1.0636363636363635,0.0049407114624506,0,0,0
1994-10-01,0.8257142857142857,-0.0561038961038959,69.3961,0.0031454859530057,0.0615618073264119,149.3,0.002013422818792,0.0296551724137932,3.6371045,0.05682045,15.245238095238092,0.1593336954553683,1.0171428571428571,-0.0464935064935065,0,0,0
1994-11-01,0.7259090909090908,-0.0998051948051949,69.9544,0.0080451206912204,0.0623150177142606,149.4,0.000669792364367,0.0260989010989012,3.95662307,0.31951857,16.47590909090909,0.0807249442732811,0.8036363636363636,-0.2135064935064935,0,0,0
1994-12-01,0.645,-0.0809090909090908,70.4326,0.0068358816600526,0.0647117689919245,149.8,0.0026773761713521,0.026027397260274,4.10325275,0.1466296800000002,14.07,-0.1460258780036968,0.2190909090909091,-0.5845454545454545,0,0,0
1995-01-01,0.6809090909090909,0.0359090909090908,71.1523,0.010218279603479,0.0692583509157904,150.1,0.002002670226969,0.0259740259740257,4.11695307,0.0137003199999998,12.316363636363636,-0.1246365574723785,0.2681818181818182,0.049090909090909,0,0,0
1995-02-01,0.7915,0.110590909090909,71.2734,0.001701982929575,0.068004693182448,150.5,0.0026648900732844,0.0287081339712917,4.24429022,0.1273371499999998,11.482,-0.0677443165042808,0.358,0.0898181818181818,0,0,0
1995-03-01,0.9156521739130434,0.1241521739130434,71.193,-0.0011280505770735,0.066178452691167,150.9,0.00265780730897,0.0286298568507159,4.05499673,-0.1892934899999998,12.166521739130436,0.059616942965549,0.4291304347826086,0.0711304347826086,0,0,0
1995-04-01,0.964,0.0483478260869566,71.3113,0.0016616802213702,0.0571653482607714,151.2,0.0019880715705764,0.0278721957851801,3.72098557,-0.3340111600000002,12.3945,0.0187381624557767,0.496,0.0668695652173913,0,0,0
1995-05-01,1.0182608695652176,0.0542608695652174,71.1882,-0.0017262341311966,0.049136308638682,151.8,0.0039682539682541,0.0312500000000002,3.6549273,-0.0660582699999996,12.26304347826087,-0.0106060366887835,0.4604347826086956,-0.0355652173913043,0,0,0
1995-06-01,1.1345454545454543,0.1162845849802369,71.5378,0.0049109262490132,0.049459923745311,152.1,0.0019762845849802,0.031186440677966,3.4204808,-0.2344465000000002,11.896818181818183,-0.0298641440105719,0.4522727272727272,-0.0081620553359684,0,0,0
1995-07-01,1.1323809523809525,-0.002164502164502,71.7749,0.0033143317239276,0.0458773214428829,152.4,0.0019723865877712,0.0304259634888437,2.90471287,-0.51576793,12.46904761904762,0.0480993681238206,0.4942857142857142,0.042012987012987,0,0,0
1995-08-01,1.0782608695652174,-0.0541200828157351,71.4748,-0.0041811273857573,0.0401206092162438,152.6,0.0013123359580051,0.0283018867924527,2.93803016,0.0333172899999998,12.798260869565215,0.0264024375057077,0.5073913043478261,0.0131055900621118,0,0,0
1995-09-01,1.1195238095238094,0.0412629399585919,72.4223,0.0132564204446883,0.0468902910586381,152.9,0.0019659239842726,0.0261744966442953,3.14848844,0.2104582800000001,12.020476190476192,-0.0607726852121469,0.3938095238095238,-0.1135817805383023,0,0,0
1995-10-01,1.0786363636363636,-0.0408874458874457,72.7144,0.004033288089442,0.047816808149161,153.1,0.001308044473512,0.0254521098459477,3.01759856,-0.1308898799999998,14.357272727272727,0.1944013281809897,0.3468181818181818,-0.0469913419913419,0,0,0
1995-11-01,1.0863636363636364,0.0077272727272728,72.5866,-0.0017575610883124,0.0376273686858867,153.5,0.0026126714565644,0.0274431057563586,3.0097294,-0.0078691600000002,12.43909090909091,-0.1336034952194009,0.45,0.1031818181818182,0,0,0
1995-12-01,1.1095238095238096,0.0231601731601731,72.7779,0.0026354726629984,0.0332985009782402,153.7,0.001302931596091,0.0260347129506006,2.88422441,-0.12550499,11.737142857142857,-0.056430816132636,0.389047619047619,-0.0609523809523809,0,0,0
1996-01-01,1.15,0.0404761904761903,73.0305,0.0034708338657751,0.0263968979217819,153.9,0.0013012361743658,0.0253164556962026,2.72215346,-0.1620709499999999,13.432173913043478,0.1444159857753693,0.5356521739130435,0.1466045548654245,0,0,0
1996-02-01,1.1828571428571428,0.0328571428571429,72.6125,-0.0057236360150896,0.0187882155193943,154.7,0.0051981806367771,0.0279069767441859,2.64759197,-0.0745614899999997,15.049047619047618,0.1203731962131651,0.7838095238095238,0.2481573498964803,0,0,0
1996-03-01,1.0776190476190477,-0.1052380952380953,73.6752,0.0146352212084697,0.0348657873667355,155.0,0.0019392372333548,0.027170311464546,2.59785872,-0.04973325,17.76238095238095,0.1802993386703792,0.6076190476190476,-0.1761904761904762,0,0,0
1996-04-01,0.990909090909091,-0.0867099567099565,73.585,-0.0012242925706344,0.0318841473931901,155.5,0.0032258064516128,0.0284391534391534,2.8972936,0.2994348799999997,16.55727272727273,-0.0678460972286874,0.5540909090909091,-0.0535281385281385,0,0,0
1996-05-01,0.8869565217391304,-0.1039525691699605,74.3172,0.0099503974994905,0.0439539137104183,156.1,0.0038585209003214,0.02832674571805,3.10833442,0.21104082,16.12,-0.0264097073518915,0.6408695652173914,0.0867786561264822,0,0,0
1996-06-01,0.7975000000000001,-0.0894565217391303,74.8726,0.0074733709020253,0.0466159149428693,156.4,0.0019218449711724,0.0282708744247206,3.30502587,0.1966914500000003,16.395,0.0170595533498758,0.615,-0.0258695652173913,0,0,0
1996-07-01,0.78,-0.0175,75.4433,0.0076222810480734,0.0511097890766827,156.7,0.0019181585677747,0.0282152230971126,3.49408029,0.1890544199999997,17.81478260869565,0.0865985122717689,0.5947826086956521,-0.0202173913043478,0,0,1
1996-08-01,0.8281818181818181,0.0481818181818181,75.4549,0.000153757855237,0.0556853604347264,157.0,0.001914486279515,0.0288335517693316,3.36926055,-0.1248197399999999,15.760454545454548,-0.1153159209609641,0.6063636363636363,0.0115810276679841,0,0,1
1996-09-01,0.822857142857143,-0.0053246753246751,75.8411,0.0051182892032193,0.047206454365575,157.2,0.0012738853503184,0.02812295618051,3.32941538,-0.0398451699999999,16.59857142857143,0.0531784715155059,0.599047619047619,-0.0073160173160172,0,0,1
1996-10-01,0.8595652173913043,0.0367080745341613,76.3158,0.0062591391738779,0.0495280164589131,157.7,0.0031806615776082,0.0300457217504899,3.52082209,0.1914067099999998,16.38173913043478,-0.0130633108439326,0.6213043478260869,0.0222567287784678,0,0,1
1996-11-01,0.8999999999999999,0.0404347826086955,76.3384,0.0002961378901877,0.0516872260169229,158.2,0.0031705770450221,0.0306188925081432,3.31834947,-0.20247262,16.04285714285714,-0.0206865696541369,0.5023809523809524,-0.1189233954451345,0,0,1
1996-12-01,0.8995454545454545,-0.0004545454545453,77.0397,0.0091867264705574,0.0585589856261308,158.7,0.0031605562579013,0.032530904359141,3.14164675,-0.1767027199999997,19.23454545454545,0.1989476240589331,0.52,0.0176190476190476,0,0,1
1997-01-01,0.84,-0.0595454545454545,77.5333,0.006407086216587,0.0616564312170941,159.1,0.0025204788909893,0.0337881741390513,2.95093511,-0.1907116399999999,19.53608695652174,0.0156770796943903,0.5695652173913043,0.0495652173913042,0,2,1
1997-02-01,0.8859999999999999,0.0459999999999999,77.6562,0.0015851253590393,0.0694604923394732,159.4,0.0018856065367693,0.0303813833225599,3.2548678,0.3039326899999999,20.0915,0.0284301070482717,0.5195000000000001,-0.0500652173913042,0,2,1
1997-03-01,0.8623809523809524,-0.0236190476190475,78.5833,0.0119385187531708,0.0666180750103153,159.7,0.0018820577164364,0.0303225806451612,3.21337489,-0.0414929100000001,20.185714285714283,0.0046892609170188,0.4714285714285714,-0.0480714285714286,0,2,1
1997-04-01,0.8404545454545453,-0.021926406926407,79.082,0.0063461320662279,0.0747027247400964,159.8,0.0006261740763933,0.027652733118971,3.3085558,0.0951809100000002,19.662272727272725,-0.0259312873962554,0.4372727272727272,-0.0341558441558441,2,2,1
1997-05-01,0.8759090909090909,0.0354545454545455,79.1747,0.0011722010065502,0.0653617197633926,159.9,0.0006257822277846,0.0243433696348496,3.55047337,0.24191757,19.84090909090909,0.0090852347596921,0.4368181818181817,-0.0004545454545454,2,2,1
1997-06-01,0.9166666666666666,0.0407575757575757,79.6133,0.0055396483977836,0.06331688761977,159.9,0.0,0.0223785166240408,3.43698117,-0.1134922,20.194285714285712,0.017810505645557,0.3990476190476191,-0.0377705627705626,2,2,1
1997-07-01,0.9213043478260872,0.0046376811594204,79.9792,0.0045959657494414,0.0601232978939152,160.2,0.0018761726078797,0.0223356732610082,3.27910832,-0.1578728499999999,20.41130434782609,0.0107465367486037,0.3317391304347826,-0.0673084886128365,2,2,1
1997-08-01,0.9228571428571428,0.0015527950310557,80.6624,0.0085422209774541,0.0690147359548551,160.4,0.0012484394506866,0.021656050955414,3.19987642,-0.0792319000000003,23.084761904761905,0.1309792608731816,0.3595238095238095,0.0277846790890269,2,2,1
1997-09-01,0.9381818181818182,0.0153246753246754,81.4694,0.0100046614035782,0.0742117400723354,160.8,0.0024937655860348,0.0229007633587787,3.0885119,-0.1113645199999999,23.85545454545455,0.0333853406793711,0.3286363636363636,-0.0308874458874458,2,2,1
1997-10-01,0.9669565217391304,0.0287747035573121,82.2156,0.0091592671604308,0.0773077134747981,161.2,0.0024875621890545,0.0221940393151554,3.15086952,0.0623576200000002,23.87086956521739,0.0006461842818157,0.2591304347826087,-0.0695059288537549,2,2,1
1997-11-01,0.994,0.0270434782608696,82.9446,0.0088669303635806,0.08653836077256,161.5,0.0018610421836229,0.0208596713021491,3.01659074,-0.1342787800000002,31.8805,0.3355399522794748,0.161,-0.0981304347826087,2,2,1
1997-12-01,0.9565217391304348,-0.0374782608695651,83.5978,0.0078751359341056,0.0851262401073733,161.7,0.0012383900928791,0.0189035916824196,2.97295683,-0.0436339099999996,26.45,-0.1703392355828799,0.0934782608695652,-0.0675217391304347,2,2,1
1998-01-01,1.064545454545455,0.1080237154150198,83.9538,0.0042584852711433,0.0828095798837402,161.8,0.0006184291898578,0.016970458830924,2.91985104,-0.05310579,23.77227272727273,-0.101237326001031,0.1831818181818182,0.0897035573122529,2,2,1
1998-02-01,1.105,0.0404545454545453,84.3218,0.0043833632307292,0.0858347433946034,162.0,0.0012360939431395,0.016311166875784,2.84030163,-0.0795494100000002,19.991,-0.1590623147670128,0.1555,-0.0276818181818181,2,2,1
1998-03-01,1.066818181818182,-0.038181818181818,84.4583,0.0016187984601847,0.074761431500077,162.0,0.0,0.0144020037570444,2.77706891,-0.0632327199999998,20.158636363636365,0.0083855916980823,0.0859090909090909,-0.069590909090909,2,2,1
1998-04-01,1.0581818181818183,-0.0086363636363635,84.488,0.00035165282749,0.0683594243949319,162.0,0.0,0.0137672090112639,2.85251196,0.07544305,22.005,0.0915916931610631,0.0740909090909091,-0.0118181818181818,2,2,1
1998-05-01,1.0442857142857145,-0.013896103896104,84.7779,0.0034312565098002,0.0707700818569567,162.2,0.0012345679012344,0.0143839899937459,2.84606553,-0.00644643,20.78428571428572,-0.0554744051676565,0.0566666666666666,-0.0174242424242424,2,2,1
1998-06-01,1.0340909090909092,-0.010194805194805,85.3367,0.0065913404318813,0.071889998279182,162.6,0.0024660912453762,0.0168855534709193,2.89304228,0.0469767499999997,21.66272727272727,0.0422646979798673,-0.0236363636363636,-0.0803030303030302,2,2,1
1998-07-01,1.0891304347826087,0.0550395256916995,84.8248,-0.0059985914618212,0.0605857522955968,162.8,0.0012300123001232,0.0162297128589263,2.87099745,-0.02204483,19.831739130434784,-0.0845225127584764,0.0021739130434782,0.0258102766798418,2,2,1
1998-08-01,1.1814285714285715,0.0922981366459627,84.4986,-0.0038455734643642,0.0475587138493274,163.2,0.0024570024570023,0.0174563591022443,2.77070571,-0.1002917399999998,31.58809523809524,0.5928051004673898,0.0733333333333333,0.071159420289855,2,2,1
1998-09-01,1.588181818181818,0.4067532467532466,86.248,0.0207033015931625,0.0586551515047368,163.4,0.0012254901960784,0.0161691542288557,2.77934018,0.00863447,38.43681818181818,0.2168134194892317,0.1390909090909091,0.0657575757575757,2,2,1
1998-10-01,1.8427272727272728,0.2545454545454546,86.2021,-0.0005321862535943,0.0484883647385654,163.5,0.000611995104039,0.0142679900744417,2.49623921,-0.28310097,36.60818181818182,-0.0475751232837833,0.4445454545454545,0.3054545454545454,2,2,1
1998-11-01,1.5766666666666669,-0.2660606060606061,86.7914,0.0068362603695268,0.0463779438323892,163.9,0.002446483180428,0.014860681114551,1.93514547,-0.5610937400000002,26.02904761904762,-0.2889827812721354,0.2828571428571428,-0.1616883116883116,2,2,1
1998-12-01,1.569130434782609,-0.0075362318840577,86.7256,-0.0007581396313459,0.0374148601996702,164.1,0.0012202562538132,0.0148423005565863,2.22103048,0.2858850100000001,25.305217391304343,-0.027808555977038,0.1360869565217391,-0.1467701863354037,0,0,0
1999-01-01,1.5214285714285714,-0.0477018633540375,87.1185,0.0045303808794634,0.037695732652959,164.4,0.0018281535648996,0.0160692212608157,2.22957981,0.0085493300000001,27.9204761904762,0.1033486003590125,0.1066666666666666,-0.0294202898550724,0,0,0
1999-02-01,1.3925,-0.1289285714285712,87.4949,0.0043205518919633,0.0376308380513699,164.7,0.001824817518248,0.0166666666666666,2.30815245,0.0785726399999999,28.8695,0.0339902444016166,0.124,0.0173333333333333,0,0,0
1999-03-01,1.3904347826086956,-0.0020652173913044,88.027,0.0060814973215581,0.0422539880627481,164.7,0.0,0.0166666666666666,2.36759019,0.0594377399999999,25.309565217391302,-0.1233112725405252,0.1795652173913043,0.0555652173913043,0,0,1
1999-04-01,1.4527272727272729,0.0622924901185772,88.2267,0.0022686221273018,0.04425125461604,164.8,0.0006071645415908,0.0172839506172839,2.71035881,0.3427686199999997,23.41409090909091,-0.0748916187227876,0.2077272727272727,0.0281620553359683,0,0,1
1999-05-01,1.3928571428571428,-0.05987012987013,88.4295,0.0022986238859665,0.0430725460290948,165.9,0.0066747572815533,0.0228113440197288,2.67778993,-0.0325688799999999,26.165714285714287,0.117519974929072,0.2819047619047619,0.0741774891774891,0,0,1
1999-06-01,1.3336363636363635,-0.059220779220779,88.9886,0.0063225507325044,0.0427940147673862,166.0,0.0006027727546713,0.0209102091020909,2.70423805,0.0264481199999999,23.626363636363635,-0.0970487800035737,0.2809090909090909,-0.0009956709956709,0,0,1
1999-07-01,1.3968181818181815,0.063181818181818,88.9188,-0.0007843701328035,0.0482641868887401,166.0,0.0,0.0196560196560195,3.11656311,0.4123250600000001,20.940454545454543,-0.1136827119165799,0.2372727272727272,-0.0436363636363636,0,0,1
1999-08-01,1.4572727272727273,0.0604545454545455,89.4333,0.0057861779511194,0.0583997841384356,166.7,0.0042168674698794,0.0214460784313725,3.0055618,-0.1110013099999998,24.323636363636364,0.1615620048188586,0.2609090909090909,0.0236363636363636,0,0,1
1999-09-01,1.4813636363636362,0.0240909090909089,89.7924,0.0040152828979809,0.0410954456914942,167.1,0.0023995200959807,0.0226438188494491,3.10154331,0.0959815099999996,24.37954545454545,0.0022985498579757,0.2531818181818182,-0.0077272727272727,0,2,1
1999-10-01,1.4423809523809523,-0.0389826839826839,89.4299,-0.0040370899987081,0.0374445634155085,167.8,0.0041891083183722,0.0262996941896025,3.16946543,0.0679221199999999,24.02142857142857,-0.0146892354406104,0.249047619047619,-0.0041341991341991,0,2,1
1999-11-01,1.3245454545454545,-0.1178354978354978,90.523,0.0122229813518743,0.0429950432876991,168.1,0.0017878426698449,0.0256253813300793,3.14292186,-0.0265435699999998,21.74727272727273,-0.0946719649663451,0.1704545454545454,-0.0785930735930736,0,2,1
1999-12-01,1.2704347826086957,-0.0541106719367587,90.9618,0.0048473868519602,0.0488460154787051,168.4,0.0017846519928614,0.0262035344302256,3.14725353,0.00433167,22.11391304347826,0.0168591400311883,0.1708695652173913,0.0004150197628458,2,2,1
2000-01-01,1.120952380952381,-0.1494824016563147,91.6634,0.007713127928427,0.0521691718750896,168.8,0.002375296912114,0.0267639902676399,3.1922035,0.0449499700000002,23.03333333333333,0.0415765535501291,0.2223809523809523,0.051511387163561,2,2,1
2000-02-01,1.16,0.039047619047619,91.538,-0.0013680487522828,0.0462095504995148,169.3,0.0029620853080569,0.0279295689131755,3.41105112,0.21884762,23.71,0.0293777134587556,-0.0947619047619047,-0.3171428571428571,2,2,1
2000-03-01,1.4252173913043478,0.2652173913043478,91.8239,0.0031232930586204,0.0431333568109784,170.0,0.0041346721795627,0.0321797207043108,3.51334339,0.1022922699999999,22.718260869565217,-0.041827884033521,-0.2717391304347826,-0.1769772256728778,2,2,1
2000-04-01,1.6509999999999998,0.225782608695652,92.1504,0.003555719153728,0.0444729316635441,171.0,0.0058823529411764,0.037621359223301,3.44034736,-0.0729960300000001,27.0985,0.1928069738957361,-0.412,-0.1402608695652174,2,2,1
2000-05-01,1.5491304347826087,-0.1018695652173911,92.6989,0.0059522259263116,0.0482802684624474,170.9,-0.0005847953216373,0.0301386377335743,3.20296665,-0.23738071,26.29043478260869,-0.0298195552296736,-0.368695652173913,0.043304347826087,2,2,1
2000-06-01,1.5713636363636363,0.0222332015810275,92.9499,0.0027076912455272,0.044514690645768,171.2,0.0017554125219425,0.0313253012048191,3.3605311,0.1575644500000002,21.54,-0.180690613216908,-0.3845454545454546,-0.0158498023715415,2,2,1
2000-07-01,1.5952380952380951,0.023874458874459,92.9862,0.0003905329645323,0.0457428575284415,172.2,0.0058411214953271,0.0373493975903613,3.1278929,-0.2326382000000002,19.89,-0.0766016713091921,-0.2861904761904761,0.0983549783549784,2,2,1
2000-08-01,1.720869565217391,0.1256314699792959,92.8048,-0.00195082711198,0.0376984859107289,172.7,0.0029036004645761,0.0359928014397119,3.06235485,-0.0655380499999997,18.088695652173914,-0.0905633156272541,-0.4026086956521739,-0.1164182194616977,2,2,1
2000-09-01,1.8247619047619048,0.1038923395445134,92.5521,-0.0027229195041635,0.0307342269501649,172.7,0.0,0.0335128665469777,3.04561328,-0.0167415700000002,19.584761904761905,0.0827072488451201,-0.2885714285714285,0.1140372670807453,2,2,1
2000-10-01,1.81,-0.0147619047619047,92.9792,0.0046146980997729,0.0396880685318892,173.6,0.0052113491603937,0.0345649582836709,2.88599618,-0.1596171000000001,25.2,0.286714646955845,-0.1731818181818182,0.1153896103896103,2,2,1
2000-11-01,1.7372727272727273,-0.0727272727272727,92.6179,-0.0038858153221366,0.0231421848590966,173.9,0.0017281105990785,0.0345032718619868,2.87662559,-0.0093705899999996,26.443181818181817,0.0493326118326118,-0.1613636363636363,0.0118181818181818,2,2,1
2000-12-01,1.978095238095238,0.2408225108225108,92.6438,0.00027964356782,0.0184912787565769,174.2,0.0017251293847038,0.0344418052256532,2.83313793,-0.0434876600000002,26.579047619047618,0.00513802770786,-0.11,0.0513636363636363,2,2,1
2001-01-01,1.991739130434783,0.0136438923395445,92.3415,-0.0032630354108963,0.0073977181732294,174.6,0.002296211251435,0.0343601895734595,2.63921042,-0.1939275099999999,24.98695652173913,-0.0599002311944213,0.3817391304347826,0.4917391304347825,2,2,1
2001-02-01,2.0025,0.0107608695652172,91.902,-0.0047595068306232,0.0039764906377679,175.6,0.0057273768613974,0.0372120496160659,2.25143294,-0.38777748,23.347,-0.0656325039150861,0.438,0.0562608695652174,2,2,1
2001-03-01,2.0927272727272728,0.0902272727272728,91.3034,-0.0065134599899894,-0.0056684588652845,176.0,0.0022779043280183,0.0352941176470589,2.26701398,0.0155810400000002,28.49681818181818,0.2205772982318148,0.5431818181818181,0.1051818181818181,2,2,1
2001-04-01,2.059047619047619,-0.0336796536796537,91.1162,-0.0020503069984249,-0.0112229572524915,176.1,0.0005681818181817,0.0298245614035086,2.26729473,0.0002807499999999,28.038095238095234,-0.0160973390361042,0.9023809523809524,0.3591991341991343,2,2,1
2001-05-01,1.895217391304348,-0.163830227743271,90.7891,-0.0035899214409731,-0.0206021862179592,176.4,0.0017035775127769,0.032182562902282,2.22098391,-0.0463108199999999,22.84217391304348,-0.1853164874763704,1.1347826086956525,0.2324016563146999,2,2,1
2001-06-01,1.893333333333333,-0.0018840579710146,90.3555,-0.0047759037153137,-0.0279118105560091,177.3,0.0051020408163264,0.0356308411214953,2.43341797,0.2124340599999996,20.94047619047619,-0.0832537975503885,1.2042857142857142,0.0695031055900619,2,2,1
2001-07-01,1.895,0.0016666666666664,89.8784,-0.0052802541073869,-0.0334221637189173,177.7,0.0022560631697685,0.0319396051103368,2.52645602,0.0930380500000001,22.16181818181818,0.0583244612124658,1.1963636363636363,-0.0079220779220778,2,2,1
2001-08-01,2.0491304347826085,0.1541304347826086,89.3028,-0.0064042083526185,-0.0377351171491129,177.4,-0.0016882386043892,0.0272148233931674,2.52836744,0.0019114199999998,21.86173913043478,-0.0135403624793559,1.2139130434782608,0.0175494071146244,2,2,1
2001-09-01,2.393,0.3438695652173913,89.2003,-0.0011477803607502,-0.0362152776652285,177.4,0.0,0.0272148233931674,2.33436142,-0.1940060199999997,33.913,0.5512489558887872,1.5625,0.3485869565217392,2,2,1
2001-10-01,2.463913043478261,0.070913043478261,88.7485,-0.0050650053867531,-0.0455015745457048,178.1,0.0039458850056368,0.025921658986175,2.17776797,-0.1565934499999999,32.72130434782609,-0.0351397886407544,1.8395652173913044,0.2770652173913044,2,2,1
2001-11-01,2.3163636363636364,-0.1475494071146244,88.5052,-0.0027414547851513,-0.0444050232190538,177.6,-0.0028074115665356,0.0212765957446807,1.98693245,-0.19083552,26.520000000000003,-0.1895188615315112,1.87,0.0304347826086957,2,2,1
2001-12-01,1.6676190476190478,-0.6487445887445886,87.97,-0.0060471023171519,-0.0504491396078312,177.5,-0.000563063063063,0.0189437428243399,1.81476553,-0.17216692,23.66761904761905,-0.1075558428499605,1.9795238095238088,0.1095238095238093,2,2,1
2002-01-01,1.5126086956521738,-0.1550103519668739,87.9324,-0.0004274184381038,-0.0477477623820274,177.4,-0.0005633802816901,0.0160366552119131,2.0405763,0.22581077,22.331739130434784,-0.0564433589410277,2.008260869565217,0.0287370600414076,2,2,1
2002-02-01,1.598,0.0853913043478262,88.5176,0.0066551123362947,-0.0368261844138321,177.7,0.0016910935738443,0.0119589977220957,2.52349996,0.48292366,22.8505,0.0232297568288455,1.896,-0.1122608695652169,2,2,1
2002-03-01,1.5242857142857142,-0.0737142857142858,88.5278,0.0001152313212287,-0.0303997441497249,178.0,0.0016882386043894,0.0113636363636364,2.40007343,-0.1234265300000001,18.90952380952381,-0.1724678317969492,1.725238095238095,-0.1707619047619051,2,2,1
2002-04-01,1.5504545454545455,0.0261688311688312,89.1686,0.0072384042074917,-0.0213749036944035,178.5,0.002808988764045,0.0136286201022146,2.42129018,0.0212167500000002,19.900454545454547,0.0524037911219981,1.7881818181818183,0.0629437229437233,2,2,1
2002-05-01,1.5895652173913044,0.0391106719367588,89.604,0.0048828847823112,-0.0130533290890647,179.3,0.0044817927170868,0.0164399092970521,2.70112632,0.27983614,20.03608695652174,0.006815543371504,1.899565217391304,0.1113833992094859,2,2,1
2002-06-01,1.7015,0.1119347826086956,89.964,0.0040176777822418,-0.0043328851038398,179.5,0.0011154489682096,0.0124083474337279,2.35054993,-0.35057639,25.271,0.2612742225983551,1.9335,0.0339347826086957,2,2,1
2002-07-01,1.875652173913044,0.1741521739130433,90.7061,0.0082488550975947,0.0092091091964254,179.6,0.0005571030640667,0.0106921778277997,2.31986391,-0.03068602,33.848260869565216,0.3394112171882875,2.092173913043478,0.158673913043478,2,2,1
2002-08-01,2.1077272727272724,0.232075098814229,90.6769,-0.0003219188125165,0.0153869755483591,180.0,0.0022271714922048,0.0146561443066515,2.14192855,-0.1779353600000002,33.74272727272727,-0.0031178439933625,2.1236363636363635,0.0314624505928855,2,2,1
2002-09-01,2.2776190476190474,0.1698917748917749,90.5762,-0.001110536421073,0.0154248360151254,180.5,0.0027777777777777,0.0174746335963922,1.74226259,-0.3996659599999999,37.40904761904762,0.1086551278646545,1.871904761904762,-0.2517316017316016,2,2,1
2002-10-01,2.3817391304347826,0.1041200828157351,90.6531,0.0008490089007928,0.0214606444052574,180.8,0.0016620498614958,0.0151600224592927,1.44610825,-0.2961543399999999,35.24304347826087,-0.0579005422122502,2.0269565217391303,0.1550517598343683,0,0,0
2002-11-01,2.256666666666667,-0.1250724637681157,90.4643,-0.0020826645751772,0.0221354225514431,181.2,0.0022123893805308,0.0202702702702701,1.26869564,-0.1774126099999999,28.13095238095238,-0.2018012746741204,2.1185714285714288,0.0916149068322984,0,0,0
2002-12-01,2.183181818181818,-0.0734848484848487,90.9711,0.005602209932537,0.0341150392179152,181.5,0.0016556291390728,0.0225352112676056,1.39558681,0.1268911699999999,28.132272727272724,4.693571346114922e-05,2.197272727272728,0.0787012987012985,0,0,0
2003-01-01,2.1308695652173912,-0.0523122529644268,90.4652,-0.0055611067690729,0.0288039448485426,181.8,0.0016528925619836,0.0248027057497182,1.69225366,0.29666685,27.401304347826088,-0.0259832679191255,2.303478260869565,0.1062055335968379,0,0,0
2003-02-01,2.048,-0.0828695652173912,91.2361,0.0085215088232823,0.030711406545139,182.6,0.0044004400440043,0.0275745638716939,1.48820174,-0.2040519199999999,32.2385,0.1765315837075354,2.2775,-0.0259782608695653,0,0,0
2003-03-01,2.079047619047619,0.0310476190476189,91.3445,0.0011881261912773,0.0318171241124256,183.6,0.0054764512595837,0.0314606741573033,1.466379,-0.0218227399999999,30.63428571428572,-0.0497608227961686,2.2333333333333334,-0.0441666666666664,0,0,0
2003-04-01,1.785909090909091,-0.2931385281385281,91.1044,-0.0026285107477734,0.0217094358327931,183.9,0.0016339869281045,0.0302521008403362,1.22359095,-0.2427880500000001,23.878636363636364,-0.2205257669023758,2.333181818181818,0.0998484848484846,0,0,0
2003-05-01,1.6463636363636365,-0.1395454545454546,90.5617,-0.005956902191332,0.0106881389223696,183.2,-0.0038064165307233,0.0217512548800891,1.30961847,0.08602752,20.19090909090909,-0.1544362591133192,2.145,-0.188181818181818,0,0,0
2003-06-01,1.6314285714285712,-0.014935064935065,90.537,-0.000272742229883,0.0063692143524076,182.9,-0.0016375545851528,0.018941504178273,1.37072098,0.06110251,20.36238095238096,0.0084925280332754,2.107142857142857,-0.0378571428571428,0,0,0
2003-07-01,1.5204347826086957,-0.1109937888198755,90.6527,0.001277930569822,-0.000588714540698,183.1,0.0010934937124111,0.0194877505567929,0.90511574,-0.46560524,19.171304347826087,-0.0584939751073458,2.4947826086956524,0.3876397515527952,0,0,0
2003-08-01,1.4342857142857142,-0.0861490683229815,91.1185,0.005138291523584,0.0048700385655,183.7,0.0032768978700163,0.0205555555555554,1.12868896,0.2235732200000001,19.27428571428572,0.0053716411043938,2.580952380952381,0.0861697722567287,0,0,0
2003-09-01,1.4390909090909092,0.004805194805195,90.9197,-0.0021817742829391,0.0037923869625795,184.5,0.004354926510615,0.0221606648199446,1.75170446,0.6230154999999999,19.49136363636364,0.0112625663692962,2.565,-0.0159523809523811,0,0,0
2003-10-01,1.4082608695652177,-0.0308300395256917,91.5059,0.006447447582867,0.0094072899878769,185.1,0.0032520325203251,0.0237831858407078,1.89723825,0.14553379,18.023478260869567,-0.0753095269720145,2.5469565217391303,-0.0180434782608696,0,0,0
2003-11-01,1.3465,-0.0617608695652174,91.6186,0.0012316145734865,0.0127597295286649,184.9,-0.0010804970286331,0.0204194260485652,1.38081936,-0.51641889,17.3425,-0.0377828436339074,2.3715,-0.1754565217391301,0,0,0
2003-12-01,1.3521739130434782,0.0056739130434781,92.2329,0.006704970388109,0.0138703390417396,185.0,0.0005408328826392,0.0192837465564739,1.71390165,0.3330822899999999,16.819130434782608,-0.0301784382423175,2.360869565217391,-0.0106304347826089,0,0,0
2004-01-01,1.3845454545454543,0.0323715415019763,92.2602,0.0002959898257561,0.0198418839509557,185.5,0.0027027027027026,0.0203520352035202,1.71357266,-0.0003289899999998,16.151363636363637,-0.0397028134723305,2.389090909090909,0.0282213438735179,0,0,0
2004-02-01,1.418,0.0334545454545454,92.4006,0.0015217829573315,0.0127635880972554,186.3,0.0043126684636118,0.02026286966046,1.70195436,-0.0116183,15.9775,-0.0107646413193369,2.3445,-0.0445909090909091,0,0,0
2004-03-01,1.4991304347826089,0.0811304347826087,92.958,0.0060324283608548,0.0176638987569037,186.7,0.0021470746108425,0.0168845315904138,1.57158074,-0.13037362,17.687391304347827,0.107018701570823,2.248695652173913,-0.0958043478260868,0,0,0
2004-04-01,1.3845454545454543,-0.1145849802371541,92.5861,-0.0040007315131564,0.0162637589402927,187.1,0.0021424745581146,0.017400761283306,1.47016466,-0.1014160799999999,15.72409090909091,-0.1109999977653182,2.2790909090909093,0.030395256916996,0,0,0
2004-05-01,1.3214285714285714,-0.0631168831168831,92.93,0.0037143804523573,0.0261512317017018,187.4,0.0016034206306787,0.0229257641921398,1.35814941,-0.11201525,17.6,0.1193015928077936,2.179047619047619,-0.1000432900432901,0,0,0
2004-06-01,1.2804545454545455,-0.0409740259740258,93.6013,0.0072237167760678,0.0338458309862264,188.2,0.0042689434364993,0.0289775833788954,1.88324516,0.52509575,15.342727272727274,-0.128254132231405,1.9718181818181817,-0.2072294372294374,0,0,0
2004-07-01,1.3250000000000002,0.0445454545454546,92.871,-0.0078022420628773,0.0244703136255179,188.9,0.0037194473963868,0.0316766794101583,1.94657611,0.0633309500000001,15.483181818181816,0.0091544705812642,1.8631818181818185,-0.1086363636363634,0,0,0
2004-08-01,1.366818181818182,0.0418181818181817,93.5649,0.007471654230061,0.0268485543550431,189.1,0.0010587612493382,0.0293957539466522,1.93379862,-0.0127774900000001,16.68409090909091,0.0775621642251123,1.7731818181818182,-0.09,0,0,0
2004-09-01,1.3331818181818182,-0.0336363636363636,93.6277,0.0006711918678907,0.0297845241460321,189.2,0.0005288207297726,0.0254742547425472,1.85580269,-0.0779959299999999,14.07318181818182,-0.1564909412886527,1.6045454545454545,-0.1686363636363637,0,0,0
2004-10-01,1.37,0.0368181818181816,93.7467,0.0012709913839601,0.0244880384762076,189.8,0.003171247357294,0.0253916801728795,1.48469164,-0.3711110499999999,14.973809523809525,0.0639960257220679,1.5138095238095235,-0.0907359307359307,0,0,0
2004-11-01,1.3204545454545455,-0.0495454545454543,94.5465,0.0085315003088106,0.0319574846155692,190.8,0.0052687038988408,0.0319091400757165,1.6871063,0.2024146599999998,13.538636363636364,-0.0958455600688069,1.339090909090909,-0.1747186147186146,0,0,0
2004-12-01,1.238695652173913,-0.0817588932806325,94.7813,0.0024834340774118,0.0276300539178535,191.7,0.0047169811320753,0.036216216216216,1.60768876,-0.0794175399999999,12.406086956521738,-0.0836531373393377,1.2186956521739132,-0.1203952569169959,0,0,0
2005-01-01,1.1357142857142857,-0.1029813664596273,95.5365,0.0079678164363645,0.0355115206773886,191.7,0.0,0.0334231805929918,1.90953662,0.3018478599999998,13.39,0.0793088946519942,0.9985714285714286,-0.2201242236024846,0,0,0
2005-02-01,1.035,-0.1007142857142857,95.8801,0.0035965311687156,0.0376566818830181,191.6,-0.0005216484089722,0.028448738593666,1.7792759,-0.1302607199999998,11.6825,-0.1275205377147124,0.7825,-0.2160714285714285,0,0,0
2005-03-01,0.902608695652174,-0.1323913043478259,96.5761,0.0072590662713116,0.0389218786979066,192.4,0.0041753653444676,0.0305302624531333,1.81315912,0.0338832199999998,13.139130434782608,0.1246848221513037,0.768695652173913,-0.0138043478260869,0,0,0
2005-04-01,0.9861904761904764,0.0835817805383023,96.4456,-0.0013512659964525,0.0416855229888719,193.1,0.0036382536382535,0.0320684126135757,1.97934111,0.1661819900000001,14.459047619047618,0.1004569663735779,0.6871428571428572,-0.0815527950310558,0,0,0
2005-05-01,1.0086363636363638,0.0224458874458874,96.6532,0.0021525087717841,0.0400645647261379,193.7,0.0031071983428274,0.0336179295624332,2.02052684,0.04118573,13.885000000000002,-0.039701620339876,0.4977272727272727,-0.1894155844155844,0,0,0
2005-06-01,0.9618181818181818,-0.0468181818181819,96.7402,0.0009001253967795,0.0335347906492753,193.6,-0.0005162622612286,0.0286928799149841,1.78986568,-0.2306611600000001,11.868636363636364,-0.1452188430942482,0.3577272727272727,-0.1399999999999999,0,0,0
2005-07-01,0.8819047619047619,-0.0799134199134199,97.1753,0.0044976131949281,0.0463470835890644,193.7,0.0005165289256197,0.0254102699841185,1.66688811,-0.1229775699999999,11.065714285714286,-0.0676507438025572,0.3061904761904762,-0.0515367965367965,0,0,0
2005-08-01,0.8321739130434783,-0.0497308488612835,96.8676,-0.0031664425013351,0.0352984933452609,194.9,0.0061951471347445,0.0306716023268112,1.82002108,0.1531329700000001,12.951304347826088,0.1703993084789905,0.2182608695652174,-0.0879296066252587,0,0,0
2005-09-01,0.926818181818182,0.0946442687747035,97.1833,0.003259087661922,0.0379759408807436,196.1,0.0061570035915854,0.0364693446088795,2.00821677,0.1881956900000001,12.67090909090909,-0.0216499627671912,0.2540909090909091,0.0358300395256916,0,0,0
2005-10-01,0.8823809523809525,-0.0444372294372293,95.3005,-0.0193736989791456,0.0165744500873097,198.8,0.0137684854665987,0.047418335089568,1.73569017,-0.2725266000000002,14.937619047619048,0.178890870453505,0.1914285714285714,-0.0626623376623376,0,0,0
2005-11-01,0.8818181818181817,-0.0005627705627707,96.4572,0.012137396970635,0.020209103457029,199.1,0.0015090543259557,0.0435010482180293,1.96704484,0.2313546699999999,12.093636363636364,-0.1903906288489795,0.1177272727272727,-0.0737012987012987,0,0,0
2005-12-01,0.9013636363636364,0.0195454545454547,97.5414,0.0112402184595861,0.0291207231806274,198.1,-0.0050226017076845,0.0333854981742305,2.07568901,0.10864417,11.215,-0.0726527850860708,0.0604545454545454,-0.0572727272727272,0,0,0
2006-01-01,0.8777272727272727,-0.0236363636363637,98.0452,0.005164986354512,0.0262590737571501,198.1,0.0,0.0333854981742305,2.01834727,-0.05734174,12.00090909090909,0.0700766019535523,0.0186363636363636,-0.0418181818181818,0,0,0
2006-02-01,0.779,-0.0987272727272726,98.1999,0.0015778436884212,0.0241948016324555,199.3,0.0060575466935892,0.0401878914405011,2.06484172,0.0464944499999999,12.448,0.0372547534277707,-0.1005,-0.1191363636363636,0,0,0
2006-03-01,0.801304347826087,0.0223043478260869,98.2413,0.0004215890240213,0.0172423612053085,199.4,0.0005017561465128,0.0363825363825363,2.20441278,0.1395710600000002,11.69391304347826,-0.0605789650162067,-0.0099999999999999,0.0905,0,0,0
2006-04-01,0.851,0.049695652173913,98.4628,0.0022546525748337,0.0209154176032915,199.7,0.0015045135406217,0.034179181771103,2.38362088,0.1792080999999998,11.874,0.0154000594883998,0.101,0.111,0,0,0
2006-05-01,0.8413043478260869,-0.0096956521739131,98.7618,0.0030366798425394,0.0218161426626328,200.7,0.0050075112669003,0.0361383582860093,2.35839303,-0.0252278500000002,14.44608695652174,0.2166150376049975,0.14,0.039,0,0,0
2006-06-01,0.785,-0.0563043478260868,98.7869,0.0002541468462504,0.0211566649645131,201.3,0.0029895366218237,0.0397727272727272,2.40637015,0.04797712,16.918636363636363,0.1711570347427808,-0.0154545454545454,-0.1554545454545454,0,0,0
2006-07-01,0.7628571428571428,-0.0221428571428572,99.0997,0.0031664117408278,0.0198033862514446,201.8,0.0024838549428713,0.0418172431595251,2.45080986,0.0444397100000002,15.217619047619047,-0.1005410412196903,-0.0304761904761904,-0.015021645021645,0,0,0
2006-08-01,0.8065217391304348,0.043664596273292,99.0489,-0.0005126150735067,0.0225183652738376,202.9,0.0054509415262635,0.0410466906105695,2.49634953,0.0455396699999997,13.351739130434783,-0.1226131309599447,-0.0269565217391304,0.00351966873706,0,0,1
2006-09-01,0.7904761904761906,-0.0160455486542442,99.4836,0.0043887413186818,0.0236697045685831,203.8,0.0044356826022671,0.0392656807751148,2.2982861,-0.1980634299999999,12.173809523809524,-0.0882229344895013,-0.0495238095238095,-0.022567287784679,0,0,1
2006-10-01,0.7813636363636364,-0.0091125541125541,99.3183,-0.0016615804011917,0.0421592751349677,202.8,-0.0049067713444553,0.0201207243460763,2.20605719,-0.0922289099999997,11.306363636363637,-0.0712550895222516,-0.0654545454545454,-0.0159307359307359,0,0,1
2006-11-01,0.7349999999999999,-0.0463636363636364,99.2044,-0.0011468178573332,0.028481025781383,201.9,-0.0044378698224852,0.0140632847815169,2.21206207,0.0060048799999998,10.786818181818182,-0.045951596044062,-0.1463636363636363,-0.0809090909090909,0,0,1
2006-12-01,0.7585714285714286,0.0235714285714286,99.1627,-0.000420344258924,0.0166216601361064,202.0,0.0004952947003467,0.0196870267541646,2.1998854,-0.0121766700000001,10.983333333333334,0.0182180832385208,-0.1076190476190476,0.0387445887445887,0,0,1
2007-01-01,0.6469565217391304,-0.1116149068322981,100.1735,0.0101933489104271,0.0217073349842726,203.1,0.0054455445544554,0.0252397778899544,2.12213778,-0.0777476199999998,11.048695652173912,0.0059510457214488,-0.1160869565217391,-0.0084679089026915,0,0,1
2007-02-01,0.6645000000000001,0.0175434782608696,99.8346,-0.0033831302689834,0.0166466564629901,203.437,0.0016592811422946,0.0207576517812342,2.14807579,0.0259380099999999,11.0985,0.0045077128915471,-0.127,-0.0109130434782608,0,2,1
2007-03-01,0.739090909090909,0.0745909090909089,100.7753,0.0094225849555165,0.0257936326168322,204.226,0.0038783505458692,0.0242026078234702,2.28715091,0.1390751199999997,15.162727272727272,0.3661960871043179,-0.009090909090909,0.1179090909090909,0,2,1
2007-04-01,0.7733333333333334,0.0342424242424244,100.9547,0.0017801981239451,0.0253080351158001,205.288,0.0052001214340975,0.0279819729594392,2.0249864,-0.2621645099999998,12.947142857142856,-0.1461204423012685,0.0276190476190476,0.0367099567099567,0,2,1
2007-05-01,0.7269565217391304,-0.046376811594203,101.6334,0.0067228172635844,0.0290760192706087,205.904,0.0030006624839249,0.0259292476332835,2.07748685,0.0525004500000001,13.299565217391304,0.0272200874074715,-0.018695652173913,-0.0463146997929606,2,2,1
2007-06-01,0.6919047619047619,-0.0350517598343684,101.7306,0.0009563785133628,0.0297984854267112,206.755,0.004132994016629,0.0270988574267261,2.0318442,-0.04564265,14.947619047619046,0.1239178727491518,0.1223809523809523,0.1410766045548654,2,2,1
2007-07-01,0.7272727272727273,0.0353679653679653,101.7893,0.0005770141923866,0.027140344521729,207.234,0.0023167517109623,0.0269276511397422,2.24630973,0.21446553,17.166363636363638,0.1484346491355095,0.184090909090909,0.0617099567099567,2,2,1
2007-08-01,1.112608695652174,0.3853359683794466,101.6672,-0.0011995366900057,0.0264344177471935,207.603,0.0017805958481715,0.023178905864958,2.37357342,0.1272636899999999,25.02608695652174,0.4578560425871902,0.3617391304347826,0.1776482213438735,2,2,1
2007-09-01,1.216,0.103391304347826,101.863,0.0019258915363067,0.0239175100217523,207.667,0.000308280708853,0.0189744847890087,2.13388077,-0.2396926499999998,22.258000000000003,-0.1106080611535788,0.504,0.1422608695652173,2,2,1
2007-10-01,1.1330434782608696,-0.0829565217391303,102.0894,0.0022225930907198,0.027901202497425,208.547,0.004237553390765,0.0283382642998026,1.94622258,-0.1876581900000002,19.115652173913045,-0.1411783550223271,0.5604347826086957,0.0564347826086957,2,2,1
2007-11-01,1.2922727272727272,0.1592292490118576,101.8015,-0.0028200773047936,0.02617928237054,209.19,0.0030832378312801,0.0361069836552747,1.98911422,0.0428916400000001,25.639545454545456,0.3412854147626472,0.8209090909090908,0.2604743083003951,2,2,1
2007-12-01,1.391904761904762,0.0996320346320347,102.3446,0.0053348919220246,0.0320876700614243,210.834,0.0078588842678903,0.0437326732673266,1.82624712,-0.1628671000000001,21.505714285714287,-0.1612287228788727,0.980952380952381,0.1600432900432902,2,2,1
2008-01-01,1.5791304347826087,0.1872256728778467,102.3803,0.0003488215303983,0.0220297783345895,211.445,0.0028980145517325,0.0410881339241753,1.38696881,-0.4392783099999999,25.73130434782609,0.196486850237695,1.2578260869565216,0.2768737060041406,2,2,1
2008-02-01,1.7923809523809524,0.2132505175983436,102.2448,-0.0013234968055378,0.0241419307534662,212.174,0.0034477050769703,0.0429469565516598,1.39949068,0.01252187,25.43523809523809,-0.011506072470555,1.768571428571429,0.510745341614907,2,2,1
2008-03-01,1.9966666666666664,0.2042857142857141,101.8438,-0.0039219598453906,0.0106027965185913,212.687,0.0024178268779397,0.0414295927061196,1.11112286,-0.2883678199999999,27.0804761904762,0.0646834163327967,1.886190476190476,0.1176190476190475,2,2,1
2008-04-01,1.877727272727273,-0.1189393939393936,101.5336,-0.0030458407875589,0.0057342550668766,213.448,0.0035780278061188,0.0397490355013443,1.02522008,-0.08590278,21.56272727272728,-0.2037537626346997,1.627727272727273,-0.2584632034632033,2,2,1
2008-05-01,1.6922727272727272,-0.1854545454545457,100.8785,-0.0064520513406399,-0.0074276763347481,213.942,0.0023143810202015,0.0390376097598881,1.06289422,0.03767414,18.36,-0.1485307137737679,1.4322727272727271,-0.1954545454545457,2,2,1
2008-06-01,1.5766666666666669,-0.1156060606060604,100.2674,-0.0060577823817761,-0.0143830863083477,215.208,0.0059174916566171,0.0408841382312399,1.40051629,0.3376220700000001,22.11047619047619,0.204274302313518,1.3257142857142856,-0.1065584415584415,2,2,1
2008-07-01,1.6556521739130434,0.0789855072463767,100.0335,-0.0023327621938934,-0.0172493572507129,217.463,0.0104782350098509,0.0493596610594786,1.48755401,0.0870377199999998,24.34217391304348,0.100933951098193,1.4352173913043478,0.1095031055900621,2,2,1
2008-08-01,1.7504761904761903,0.0948240165631468,99.676,-0.00357380277607,-0.0195854710270371,219.016,0.007141444751521,0.0549751207834183,1.44558109,-0.04197292,20.695714285714285,-0.1498000811412854,1.4652380952380952,0.0300207039337474,2,2,1
2008-09-01,1.9577272727272728,0.2072510822510824,98.1111,-0.0156998675709298,-0.0368328048457242,218.69,-0.0014884757278006,0.0530801716209123,1.35649733,-0.0890837599999998,29.80272727272727,0.4400434245122586,1.6036363636363635,0.1383982683982685,2,2,1
2008-10-01,2.470434782608696,0.5127075098814229,93.7895,-0.0440480231084963,-0.0813003112957857,218.877,0.00085509168229,0.0495331987513607,1.23957472,-0.11692261,61.17739130434782,1.0527447285111982,2.2047826086956523,0.6011462450592886,2,2,1
2008-11-01,2.6005,0.1300652173913041,94.7219,0.009941411352017,-0.0695431796191607,216.995,-0.0085984365648286,0.0373105788995651,1.48506331,0.2454885899999999,62.28150000000001,0.0180476589817211,2.305,0.1002173913043478,2,2,1
2008-12-01,2.625652173913044,0.0251521739130438,93.4715,-0.0132007487180895,-0.0866982723074788,213.153,-0.0177054770847254,0.0109991747061668,1.63162854,0.14656523,52.04869565217392,-0.1642992597773992,1.582608695652174,-0.7223913043478263,2,2,1
2009-01-01,2.525,-0.1006521739130437,90.8357,-0.0281989697394393,-0.1127619278318192,211.398,-0.0082335223994032,-0.0002222800255385,0.97537985,-0.6562486899999999,44.535,-0.1443589615076184,1.6968181818181818,0.1142094861660079,2,2,1
2009-02-01,2.398,-0.1269999999999997,88.57,-0.0249428363517869,-0.1337456770417664,211.933,0.0025307713412614,-0.0011358601902212,0.93854104,-0.03683881,45.4385,0.0202874143931739,1.896,0.1991818181818183,2,2,1
2009-03-01,2.675909090909091,0.2779090909090906,88.031,-0.0060855820255163,-0.1356273037730327,212.705,0.0036426606521873,8.463140671510772e-05,1.03930649,0.1007654499999999,44.79545454545455,-0.0141519956544658,1.8881818181818184,-0.0078181818181819,2,2,1
2009-04-01,2.4622727272727274,-0.2136363636363634,86.6528,-0.015655848507912,-0.1465603504652647,212.495,-0.0009872828565384,-0.0044647876766238,1.25074177,0.2114352800000001,37.99409090909091,-0.1518315575849823,2.0,0.1118181818181818,2,2,1
2009-05-01,2.248095238095238,-0.2141774891774894,85.9344,-0.0082905572583921,-0.1481395936696125,212.709,0.0010070825195886,-0.005763244243767,0.71281967,-0.5379221000000001,32.00904761904762,-0.1575256348247362,2.3714285714285714,0.3714285714285714,2,2,1
2009-06-01,1.8840909090909093,-0.3640043290043286,85.0665,-0.0100995643188291,-0.1516036119416679,213.022,0.0014714939189219,-0.0101576149585517,1.0174109,0.30459123,29.140454545454546,-0.0896181950720103,2.5377272727272726,0.1662987012987011,0,0,1
2009-07-01,1.8513043478260869,-0.0327865612648223,84.7459,-0.0037688161614736,-0.1528248036907635,214.79,0.0082996122466223,-0.0122917461821091,1.32210554,0.3046946399999999,26.24043478260869,-0.0995186865847365,2.5426086956521736,0.004881422924901,0,0,1
2009-08-01,1.6709523809523812,-0.1803519668737057,85.7027,0.0112902217098407,-0.1401872065492195,214.726,-0.0002979654546301,-0.0195876100376227,1.26690282,-0.0552027199999998,25.33714285714285,-0.0344236645828943,2.4719047619047623,-0.0707039337474113,0,0,1
2009-09-01,1.7263636363636363,0.0554112554112551,86.6426,0.0109669823704505,-0.1168929917206105,215.445,0.0033484533777929,-0.0148383556632676,1.15904037,-0.10786245,24.94181818181818,-0.0156025751424939,2.448636363636364,-0.0232683982683985,0,0,1
2009-10-01,1.7590909090909093,0.0327272727272729,87.4063,0.0088143707598802,-0.0680587912292953,215.861,0.0019308872334005,-0.0137794286288647,0.94923764,-0.20980273,24.252272727272725,-0.0276461583321184,2.437727272727273,-0.0109090909090907,0,2,1
2009-11-01,1.783809523809524,0.0247186147186146,87.6419,0.0026954578788944,-0.0747451223001227,216.509,0.0030019317987037,-0.0022396829420033,0.99714116,0.0479035199999999,23.63142857142857,-0.0255994216635205,2.5995238095238093,0.1617965367965363,0,2,1
2009-12-01,1.666956521739131,-0.1168530020703932,88.0221,0.0043381076859354,-0.0583001235670767,217.234,0.0033485905897676,0.0191458717447092,1.06141004,0.0642688799999999,21.16260869565217,-0.1044718844785078,2.72,0.1204761904761908,0,2,1
2010-01-01,1.5233333333333332,-0.1436231884057974,88.3793,0.0040580717797007,-0.0270422311932423,217.347,0.0005201763996427,0.0281412312320836,0.84804056,-0.2133694799999999,20.562380952380952,-0.0283626537684146,2.8,0.0799999999999996,2,2,1
2010-02-01,1.66,0.1366666666666669,89.3426,0.010899611108031,0.0087230439200634,217.488,0.0006487322116246,0.0262111138897671,1.29792486,0.4498842999999999,22.5495,0.0966385678886547,2.835,0.0350000000000001,2,2,1
2010-03-01,1.542608695652174,-0.117391304347826,89.6779,0.003752968908449,0.0187081823448556,217.281,-0.0009517766497462,0.0215133635786652,1.12451541,-0.1734094499999998,17.767391304347825,-0.2120716067164316,2.768695652173913,-0.0663043478260867,2,2,1
2010-04-01,1.4390909090909092,-0.1035177865612648,90.2928,0.006856761810881,0.042006721075372,217.353,0.0003313681361922,0.0228617143932798,0.99873153,-0.12578388,17.426363636363636,-0.0191940202217946,2.786363636363636,0.0176679841897229,2,2,1
2010-05-01,1.5509523809523809,0.1118614718614716,90.5991,0.0033922970602306,0.0542821035580629,217.403,0.0002300405331419,0.0220677075253044,1.3091053,0.3103737699999999,31.936190476190475,0.8326365237523878,2.587619047619048,-0.1987445887445882,2,2,1
2010-06-01,1.6786363636363637,0.1276839826839828,91.823,0.0135089642170835,0.0794260960542632,217.29,-0.0005197720362644,0.0200354892921856,1.22638786,-0.0827174399999999,29.916363636363634,-0.0632457036894457,2.4795454545454545,-0.1080735930735934,2,2,1
2010-07-01,1.7113636363636362,0.0327272727272724,91.9928,0.0018492098929463,0.085513281468484,217.199,-0.0004187951585438,0.0112156059406862,1.01936098,-0.2070268799999999,25.77227272727273,-0.1385225477087637,2.393636363636364,-0.0859090909090904,2,2,1
2010-08-01,1.791818181818182,0.0804545454545457,92.3421,0.0037970362897965,0.0774701380469928,217.605,0.0018692535416828,0.013407784804821,0.84675907,-0.1726019100000001,24.74590909090909,-0.0398243355261997,2.178181818181818,-0.2154545454545458,2,2,1
2010-09-01,1.8745454545454547,0.0827272727272727,92.6805,0.0036646340076735,0.0696874285859381,217.923,0.0014613634796996,0.0115017753951125,0.65616389,-0.1905951799999999,22.462727272727275,-0.0922650208482577,2.169090909090909,-0.0090909090909092,2,2,1
2010-10-01,2.1395238095238094,0.2649783549783546,92.9537,0.0029477613953312,0.0634668210415039,218.275,0.0016152494229613,0.0111831224723317,0.57706775,-0.0790961399999999,20.37333333333333,-0.093016040039392,2.159047619047619,-0.0100432900432898,2,2,1
2010-11-01,2.114090909090909,-0.0254329004329005,92.6903,-0.0028336688050072,0.057602585064906,219.035,0.0034818462948116,0.0116669514893146,0.40880525,-0.1682624999999999,20.071363636363635,-0.0148218110423606,2.308636363636364,0.1495887445887445,2,2,1
2010-12-01,1.7195652173913043,-0.3945256916996045,92.7709,0.0008695624029699,0.0539500875348351,219.59,0.0025338416234848,0.0108454477660033,0.33888956,-0.06991569,17.52173913043478,-0.1270279664162755,2.6756521739130434,0.3670158102766798,2,2,1
2011-01-01,1.648095238095238,-0.0714699792960662,93.6787,0.0097853960670857,0.0599620046775659,220.472,0.0040165763468282,0.0143779302221793,0.62620927,0.28731971,17.227142857142855,-0.0168131868131868,2.7785714285714285,0.102919254658385,2,2,1
2011-02-01,1.65,0.0019047619047618,93.4814,-0.0021061351192962,0.0463250453870829,221.187,0.0032430422003701,0.0170078349150297,0.86397716,0.2377678899999999,17.380000000000003,0.0088730408823287,2.804,0.0254285714285713,2,2,1
2011-03-01,1.715217391304348,0.0652173913043481,93.1102,-0.0039708433977239,0.0382736437851467,221.898,0.0032144746300641,0.0212489817333314,0.82968718,-0.03428998,20.72347826086957,0.1923750437784559,2.7169565217391307,-0.0870434782608691,2,2,1
2011-04-01,1.7052380952380954,-0.0099792960662525,94.0788,0.0104027270911242,0.0419302535750358,223.046,0.0051735482068338,0.026192415103541,0.87385088,0.0441637,16.169999999999998,-0.2197255790533737,2.7214285714285715,0.0044720496894408,2,2,1
2011-05-01,1.799090909090909,0.0938528138528136,93.7749,-0.0032302707942702,0.0350533283443212,224.093,0.0046940989750992,0.0307723444478686,0.97750283,0.10365195,16.86909090909091,0.0432338224546018,2.612272727272728,-0.1091558441558442,2,2,1
2011-06-01,1.9868181818181816,0.1877272727272727,93.888,0.0012060796652408,0.0224889188983152,224.806,0.0031817147345076,0.034589718808965,0.71147484,-0.26602799,19.153181818181817,0.1354009484802758,2.591818181818182,-0.0204545454545455,2,2,1
2011-07-01,1.9285714285714288,-0.0582467532467532,94.172,0.0030248807089297,0.0236888104286421,224.806,0.0,0.0350231815063604,0.49226699,-0.21920785,19.067619047619047,-0.0044672875439185,2.6023809523809525,0.0105627705627706,2,2,1
2011-08-01,2.062608695652174,0.1340372670807454,94.636,0.0049271545682367,0.0248413237299129,225.395,0.002620036831757,0.0357988097699961,0.57395235,0.0816853599999999,35.02913043478261,0.8371003924140523,2.072608695652174,-0.5297722567287786,2,2,1
2011-09-01,2.110909090909091,0.0483003952569167,95.2749,0.0067511306479564,0.0279929434994417,226.106,0.0031544621664187,0.0375499603070808,0.39497491,-0.17897744,36.41136363636364,0.0394595350905007,1.7663636363636364,-0.3062450592885375,2,2,1
2011-10-01,1.832857142857143,-0.2780519480519479,95.1961,-0.0008270803747891,0.024123837996766,226.597,0.0021715478580843,0.0381262169281868,0.21493888,-0.18003603,32.829047619047614,-0.0983845607402191,1.868095238095238,0.1017316017316016,2,2,1
2011-11-01,1.859090909090909,0.0262337662337661,95.8568,0.0069404103739545,0.0341621507320617,226.75,0.0006752075270193,0.0352226813066405,0.09856249,-0.11637639,32.03454545454545,-0.024201194433712,1.755909090909091,-0.1121861471861469,2,2,1
2011-12-01,1.9490909090909088,0.09,95.8485,-8.658749301049262e-05,0.0331741957876878,227.169,0.0018478500551268,0.0345143221458172,0.13706953,0.0385070399999999,24.85136363636364,-0.2242323627901696,1.7222727272727274,-0.0336363636363636,2,2,1
2012-01-01,1.885,-0.0640909090909092,96.3571,0.005306290656609,0.0285913446706669,227.223,0.0002377084901548,0.0306206683841938,0.14446831,0.0073987799999999,20.403181818181817,-0.1789914583066596,1.7186363636363635,-0.0036363636363636,2,2,1
2012-02-01,1.878095238095238,-0.0069047619047619,96.9318,0.0059642724822559,0.0369100163241029,227.842,0.0027241960540966,0.030087663379855,0.14610051,0.0016322,18.39,-0.098669993539332,1.6909523809523808,-0.0276839826839829,2,2,1
2012-03-01,1.814545454545455,-0.0635497835497833,97.2435,0.0032156629712849,0.0443914844990129,228.329,0.0021374461249461,0.0289817844234738,0.02185103,-0.12424948,16.167272727272728,-0.1208660833456918,1.828181818181818,0.1372294372294373,2,2,1
2012-04-01,1.9085714285714288,0.0940259740259739,96.74,-0.0051777239609845,0.0282869254284705,228.807,0.0020934703870292,0.0258287528133209,0.16923691,0.14738588,17.76952380952381,0.0991045991045991,1.7609523809523808,-0.0672294372294373,2,2,1
2012-05-01,1.998695652173913,0.0901242236024844,97.4359,0.0071935083729586,0.0390402975636337,229.187,0.0016607883500068,0.0227316337413485,0.19464573,0.02540882,21.034782608695654,0.1837561227961428,1.5152173913043478,-0.2457349896480329,2,2,1
2012-06-01,2.017619047619048,0.0189233954451346,97.6609,0.0023092104655471,0.0401851141785956,228.713,-0.002068180132381,0.0173794293746607,-0.08722198,-0.28186771,21.13095238095238,0.0045719403925272,1.3304761904761906,-0.1847412008281572,2,2,1
2012-07-01,1.8736363636363635,-0.1439826839826841,97.6663,5.529336715115463e-05,0.037105509068513,228.524,-0.0008263631713106,0.0165387044829763,-0.04815105,0.03907093,17.52409090909091,-0.1706909090909091,1.2818181818181815,-0.0486580086580088,2,2,1
2012-08-01,1.7969565217391303,-0.0766798418972332,97.8713,0.0020989839893597,0.0341867788156728,228.59,0.00028880992806,0.0141751147984647,-0.05482603,-0.0066749799999999,15.689565217391303,-0.1046859264321616,1.4095652173913045,0.1277470355731227,0,0,0
2012-09-01,1.7635,-0.0334565217391302,97.4525,-0.0042790889668371,0.0228559673114325,229.918,0.0058095279758518,0.0168593491548212,-0.06008478,-0.0052587499999999,15.394,-0.0188383306545475,1.462,0.0524347826086954,0,0,0
2012-10-01,1.7204347826086956,-0.0430652173913044,97.381,-0.0007336907724275,0.0229515704950098,231.015,0.0047712662775423,0.0194971689828196,-0.16925714,-0.10917236,16.409565217391304,0.065971496517559,1.4682608695652173,0.0062608695652173,0,0,0
2012-11-01,1.8454545454545448,0.1250197628458498,97.7193,0.0034739836313038,0.0194300247869738,231.638,0.0026967945804385,0.0215567805953693,-0.09317224,0.0760849,16.638636363636365,0.0139596109470521,1.3854545454545455,-0.0828063241106717,0,0,0
2012-12-01,1.9295238095238088,0.0840692640692639,98.0777,0.0036676480490547,0.0232575366333327,231.249,-0.0016793444944266,0.0179601970339262,-0.00573705,0.08743519,17.33238095238095,0.0416947983947026,1.4652380952380952,0.0797835497835497,0,0,0
2013-01-01,1.8830434782608696,-0.0464803312629398,98.3101,0.0023695498568994,0.020268355938483,231.221,-0.0001210816046771,0.0175950497968955,-0.17237745,-0.1666404,13.656086956521738,-0.2121055385269615,1.642608695652174,0.1773706004140787,0,0,0
2013-02-01,1.912,0.0289565217391301,98.3342,0.0002451426659111,0.0144679042378248,231.679,0.0019807889421807,0.0168406176209829,0.08440142,0.25677887,13.992,0.0245980451462957,1.717,0.0743913043478259,0,0,0
2013-03-01,1.977619047619048,0.0656190476190479,98.7941,0.0046769079323369,0.0159455387763707,232.937,0.0054299267521009,0.0201814049025748,0.17210018,0.0876987599999999,13.015714285714283,-0.069774565057584,1.6976190476190476,-0.0193809523809522,0,0,0
2013-04-01,1.974090909090909,-0.0035281385281384,99.1921,0.0040285806541078,0.0253473227206946,232.282,-0.0028119191025899,0.0151874724112461,0.05034072,-0.1217594599999999,13.967272727272729,0.0731084303688847,1.526818181818182,-0.1708008658008655,0,0,0
2013-05-01,1.963478260869565,-0.010612648221344,99.1065,-0.0008629719503872,0.0171456311277464,231.797,-0.0020879792665812,0.0113880804757686,-0.02421188,-0.0745526,13.515217391304349,-0.0323653260586576,1.680869565217391,0.1540513833992089,0,0,0
2013-06-01,1.9695,0.0060217391304349,99.1839,0.0007809780387764,0.0155947774390774,231.893,0.0004141554895016,0.013903888279197,-0.01939123,0.00482065,17.2715,0.2779298697120795,1.9665,0.2856304347826088,0,0,0
2013-07-01,1.7617391304347827,-0.2077608695652173,99.3897,0.0020749335325593,0.0176458000354267,232.445,0.0023804082055085,0.0171579352715687,0.22769375,0.24708498,14.071304347826086,-0.1852876503010111,2.2378260869565216,0.2713260869565217,0,0,0
2013-08-01,1.805,0.0432608695652172,99.0814,-0.0031019310854143,0.0123641966541774,232.9,0.0019574523005443,0.018854718054158,0.54638104,0.3186872899999999,14.21,0.0098566308243728,2.380909090909091,0.1430830039525692,0,0,0
2013-09-01,1.8247619047619048,0.0197619047619048,99.6543,0.0057821145038321,0.022593571227008,233.456,0.0023872906826962,0.0153880948860027,0.47506869,-0.0713123499999999,14.802380952380954,0.041687611004993,2.4047619047619047,0.0238528138528137,0,0,0
2013-10-01,1.910434782608696,0.0856728778467907,100.161,0.0050845773840164,0.0285476633018761,233.544,0.0003769446919335,0.0109473410817479,0.54083451,0.06576582,15.407826086956522,0.0409018749431782,2.283478260869565,-0.1212836438923394,0,0,0
2013-11-01,1.9104761904761904,4.140786749484704e-05,100.082,-0.0007887301444674,0.0241784376269578,233.669,0.0005352310485391,0.0087679914349114,0.49296942,-0.04786509,12.926666666666666,-0.1610324134168596,2.4185714285714286,0.1350931677018634,0,0,0
2013-12-01,1.714090909090909,-0.1963852813852813,100.3158,0.0023360844107831,0.0228196623697334,234.1,0.0018444894273523,0.0123287019619544,0.48963774,-0.00333168,14.114545454545452,0.0918936659008859,2.564090909090909,0.1455194805194803,0,0,0
2014-01-01,1.625217391304348,-0.0888735177865611,100.5175,0.0020106503661436,0.0224534406942926,234.719,0.0026441691584793,0.0151283836675732,0.41829993,-0.07133781,14.14,0.0018034265103699,2.471739130434783,-0.0923517786561261,0,0,0
2014-02-01,1.7405000000000002,0.1152826086956522,100.1599,-0.0035575894744697,0.0185662770429819,235.288,0.0024241752904536,0.0155775879557491,0.68063671,0.26233678,15.375,0.0873408769448373,2.385,-0.0867391304347826,0,0,0
2014-03-01,1.6595238095238096,-0.0809761904761905,100.9168,0.0075569164905315,0.0214861008906401,235.547,0.0011007786202441,0.0112047463477249,0.50867731,-0.1719593999999999,14.836666666666666,-0.0350135501355014,2.3242857142857143,-0.0607142857142859,0,0,0
2014-04-01,1.5345454545454544,-0.1249783549783551,101.8942,0.0096852060311067,0.0272410806909018,236.028,0.0020420553010651,0.016126949139408,0.58045318,0.0717758699999999,14.159999999999998,-0.0456077286003145,2.288636363636364,-0.0356493506493507,0,0,0
2014-05-01,1.6050000000000002,0.0704545454545457,101.9928,0.0009676703875196,0.0291232159343737,236.468,0.0018641856050976,0.0201512530360616,0.7022221,0.1217689199999999,12.424545454545454,-0.1225603492552644,2.17,-0.1186363636363636,0,0,0
2014-06-01,1.650952380952381,0.0459523809523807,102.3836,0.0038316430179385,0.0322602761133612,236.918,0.0019030059035471,0.0216694768707981,0.62685415,-0.0753679499999999,11.541428571428572,-0.0710784057531697,2.146190476190476,-0.0238095238095237,0,0,0
2014-07-01,1.62,-0.030952380952381,102.735,0.0034321903117295,0.0336584173209093,237.231,0.0013211322060797,0.0205898169459441,0.62452944,-0.00232471,12.210434782608695,0.0579656328538293,2.04,-0.1061904761904761,0,0,0
2014-08-01,1.6557142857142857,0.0357142857142855,102.9632,0.0022212488441135,0.0391778880799018,237.498,0.0011254852864928,0.0197423787033059,0.59099495,-0.0335344899999999,13.49190476190476,0.1049487591646827,1.947619047619048,-0.0923809523809524,0,0,0
2014-09-01,1.5786363636363638,-0.0770779220779216,102.7688,-0.0018880532073595,0.0312530417653829,237.46,-0.0001600013473797,0.017150983482969,0.6494057,0.0584107499999999,13.399090909090908,-0.0068792253170892,1.963181818181818,0.0155627705627705,0,0,0
2014-10-01,1.6095652173913044,0.0309288537549405,103.0641,0.0028734401880725,0.0289843352202952,237.477,7.159100480080838e-05,0.016840509711232,0.58085993,-0.0685457699999999,18.05869565217392,0.3477552898698219,1.858695652173913,-0.104486166007905,0,0,0
2014-11-01,1.5945,-0.0150652173913043,103.0764,0.00011934320486,0.029919466037849,237.43,-0.0001979139032411,0.0160954170215132,0.7009647,0.1201047699999999,13.346,-0.2609654508246057,1.7955,-0.0631956521739129,0,0,0
2014-12-01,1.5795652173913042,-0.0149347826086958,103.7126,0.006172120873449,0.0338610667511996,236.983,-0.0018826601524659,0.0123152498932079,0.71330026,0.01233556,16.208695652173912,0.2144984004326324,1.5704347826086955,-0.2250652173913045,0,0,0
2015-01-01,1.5827272727272728,0.0031620553359685,103.7044,-7.90646459541966e-05,0.0317049270027607,236.252,-0.0030846094445592,0.0065312139196231,0.38472537,-0.32857489,19.20636363636364,0.1849419625438939,1.338181818181818,-0.2322529644268773,0,0,0
2015-02-01,1.632,0.0492727272727273,102.8905,-0.0078482687330527,0.0272624074105505,234.747,-0.0063703164417655,-0.0022993097820542,0.7099428,0.32521743,15.8435,-0.1750911156340228,1.3565,0.0183181818181819,0,0,0
2015-03-01,1.596818181818182,-0.0351818181818182,102.2335,-0.0063854291698455,0.0130473816054415,235.342,0.0025346436802173,-0.000870314629352,0.53838038,-0.17156242,14.812727272727273,-0.0650596602564287,1.4022727272727271,0.0457727272727273,0,0,0
2015-04-01,1.5877272727272729,-0.0090909090909092,101.8914,-0.0033462612548724,-2.747948362114005e-05,235.976,0.0026939517808124,-0.0002203128442387,0.75170542,0.2133250399999999,13.54818181818182,-0.0853688474285012,1.395,-0.0072727272727273,0,0,0
2015-05-01,1.7871428571428571,0.1994155844155845,101.3355,-0.0054558088317562,-0.0064445725580629,236.222,0.0010424788961589,-0.0010403098939391,0.41032252,-0.3413828999999999,13.28095238095238,-0.0197243763639792,1.5876190476190477,0.1926190476190477,0,0,0
2015-06-01,1.827272727272728,0.0401298701298702,100.8883,-0.0044130635364704,-0.0146048781250122,237.001,0.0032977453412468,0.0003503321824429,0.53392144,0.1235989199999999,14.339545454545457,0.0797076175885787,1.675,0.0873809523809523,0,0,0
2015-07-01,1.8278260869565213,0.0005533596837943,100.571,-0.0031450624106066,-0.0210639022728379,237.657,0.0027679208104607,0.0017957180975505,0.5537778,0.01985636,14.458695652173914,0.008309203245399,1.661304347826087,-0.0136956521739131,0,0,0
2015-08-01,1.8685714285714288,0.040745341614907,101.2228,0.0064809935269611,-0.0169031265539532,238.034,0.0015863197801873,0.0022568611104094,0.6670749,0.1132971,19.42809523809524,0.3436962576340112,1.4695238095238097,-0.1917805383022774,0,0,0
2015-09-01,1.895909090909091,0.0273376623376622,101.0367,-0.001838518594625,-0.0168543371139879,238.033,-4.20108051790713e-06,0.0024130379853448,0.54830556,-0.11876934,24.532727272727275,0.2627448533720746,1.4577272727272728,-0.0117965367965366,0,0,0
2015-10-01,1.8813636363636363,-0.0145454545454546,100.7547,-0.0027910650288459,-0.0224074144149126,237.498,-0.0022475875193775,8.842961634170088e-05,0.51245991,-0.0358456499999999,16.789545454545454,-0.3156266212109984,1.4272727272727272,-0.0304545454545455,0,0,0
2015-11-01,1.7914285714285714,-0.0899350649350649,100.2675,-0.0048355064329504,-0.0272506606749945,237.733,0.0009894820166906,0.001276165606705,0.52877171,0.0163117999999999,16.16142857142857,-0.0374111904826365,1.3780952380952385,-0.0491774891774889,0,0,0
2015-12-01,1.7269565217391305,-0.064472049689441,99.5298,-0.007357319171217,-0.0403306830606888,238.017,0.0011946174910508,0.0043631821691851,0.6662057,0.13743399,17.92608695652174,0.1091895049558224,1.2582608695652175,-0.1198343685300207,0,0,0
2016-01-01,1.911428571428572,0.1844720496894412,99.0417,-0.0049040588848765,-0.0449614481159912,237.761,-0.001075553426856,0.0063872475153647,0.64742223,-0.01878347,23.612857142857145,0.3172343300647933,1.1866666666666663,-0.071594202898551,0,0,0
2016-02-01,2.17952380952381,0.2680952380952384,99.5607,0.0052402169995062,-0.0323625601974916,237.652,-0.0004584435630738,0.0123750250269438,0.73450597,0.0870837399999999,22.65428571428572,-0.0405953173210721,1.0452380952380953,-0.1414285714285712,0,0,0
2016-03-01,1.9282608695652173,-0.2512629399585924,99.0445,-0.0051847767241491,-0.0311932976959607,237.336,-0.0013296753235823,0.0084727757901266,0.538738,-0.1957679699999999,15.800869565217392,-0.3025218378325025,1.0143478260869565,-0.0308902691511387,0,0,0
2016-04-01,1.810952380952381,-0.1173084886128363,98.3096,-0.0074198971169524,-0.0351531140017705,238.08,0.0031347962382444,0.0089161609655219,0.55140742,0.0126694199999999,14.300476190476193,-0.09495637999848,1.0371428571428571,0.0227950310559006,0,0,0
2016-05-01,1.841818181818182,0.0308658008658009,98.6421,0.003382172239537,-0.0265790369613807,238.992,0.0038306451612901,0.0117262575035348,0.34527268,-0.2061347399999999,14.774090909090908,0.0331188075352437,0.9881818181818182,-0.0489610389610389,0,0,0
2016-06-01,1.8531818181818185,0.0113636363636362,98.4184,-0.0022677943798843,-0.0244815305639999,239.557,0.0023640958693178,0.0107847646212462,0.41364983,0.06837715,17.774545454545457,0.2030889456357876,0.9127272727272728,-0.0754545454545453,0,0,0
2016-07-01,1.7852380952380953,-0.0679437229437229,98.8833,0.0047237102005315,-0.0167811794652533,240.222,0.0027759572878272,0.0107928653479594,0.51909852,0.10544869,13.235238095238095,-0.2553824721377914,0.8333333333333334,-0.0793939393939394,0,0,0
2016-08-01,1.7591304347826089,-0.0261076604554866,98.9992,0.0011720887146766,-0.0219673828426006,240.101,-0.0005037007434789,0.0086836334305182,0.16534694,-0.35375158,12.399565217391304,-0.0631399958076657,0.8191304347826087,-0.0142028985507246,0,0,0
2016-09-01,1.778181818181818,0.0190513833992094,98.85,-0.0015070828855183,-0.0216426308460193,240.545,0.0018492217858316,0.0105531585956568,0.22683746,0.0614905199999999,14.117727272727272,0.1385663146419133,0.8568181818181819,0.0376877470355732,0,0,0
2016-10-01,1.7476190476190478,-0.0305627705627702,98.7457,-0.0010551340414769,-0.0199395164692068,241.176,0.0026232097944252,0.0154864462016521,0.2160743,-0.0107631599999999,14.585238095238095,0.0331151617735219,0.9204761904761906,0.0636580086580086,0,0,0
2016-11-01,1.7177272727272728,-0.029891774891775,98.7611,0.0001559561580908,-0.0150238113047597,241.741,0.0023426874979268,0.0168592496624364,0.28979681,0.07372251,15.108636363636364,0.035885479892793,1.169090909090909,0.2486147186147184,0,0,0
2016-12-01,1.56,-0.1577272727272727,98.3491,-0.0041716829804446,-0.0118627787858509,242.026,0.0011789477167711,0.0168433347197889,0.34660933,0.0568125199999999,12.425454545454546,-0.1775925870212701,1.296818181818182,0.1277272727272729,0,0,0
2017-01-01,1.4913636363636364,-0.0686363636363636,99.0214,0.0068358530988081,-0.000204964171657,242.637,0.0025245221587761,0.0205079891151198,0.70045658,0.35384725,11.70181818181818,-0.0582382206613989,1.2254545454545456,-0.0713636363636363,0,0,0
2017-02-01,1.5325000000000002,0.0411363636363637,98.7611,-0.0026287246999133,-0.0080312814192748,243.618,0.0040430766948156,0.0251039334825711,0.72565107,0.0251944899999999,11.5285,-0.0148112181479179,1.2174999999999998,-0.0079545454545457,0,0,0
2017-03-01,1.5247826086956522,-0.007717391304348,98.3646,-0.0040147385964717,-0.0068645911686161,244.006,0.0015926573570097,0.0281036168132942,0.77438158,0.04873051,11.89782608695652,0.0320359185459098,1.168695652173913,-0.0488043478260868,0,0,0
2017-04-01,1.5715,0.0467173913043477,99.0137,0.0065989187166928,0.0071620675905506,243.892,-0.0004672016261895,0.0244119623655914,0.91650302,0.1421214399999999,13.2775,0.1159601680979354,1.0550000000000002,-0.1136956521739127,0,0,0
2017-05-01,1.5482608695652174,-0.0232391304347825,100.0224,0.0101874791064267,0.0139930110976955,244.193,0.0012341528217407,0.0217622347191539,0.76575378,-0.1507492399999999,10.816521739130437,-0.1853495206830777,0.9995652173913044,-0.0554347826086957,0,0,0
2017-06-01,1.491818181818182,-0.0564426877470354,100.1408,0.0011837348433949,0.0175007925347292,244.004,-0.0007739779600562,0.0185634316676197,0.7764088,0.0106550199999999,10.513636363636364,-0.0280021048169613,0.8445454545454546,-0.1550197628458498,0,0,0
2017-07-01,1.3795238095238094,-0.1122943722943725,100.3471,0.0020600993800727,0.0148033085465391,244.163,0.0006516286618252,0.0164056580995912,0.73611135,-0.0402974499999999,10.31,-0.0193687851275401,0.9452380952380952,0.1006926406926407,0,0,0
2017-08-01,1.4252173913043478,0.0456935817805383,100.1068,-0.0023946880378206,0.0111879691957106,244.243,0.0003276499715354,0.017251073506566,0.72501612,-0.01109523,11.975652173913044,0.1615569518829336,0.8739130434782609,-0.0713250517598343,0,0,0
2017-09-01,1.4300000000000002,0.0047826086956523,99.6925,-0.0041385799965637,0.0085230146686898,245.183,0.0038486261632881,0.0192812155729698,0.67086016,-0.05415596,10.423333333333334,-0.1296229063800948,0.8171428571428572,-0.0567701863354037,0,0,0
2017-10-01,1.2372727272727273,-0.1927272727272728,99.7954,0.0010321739348497,0.0106303363083151,246.435,0.0051063899209977,0.0218056523037117,0.56521264,-0.10564752,10.125454545454543,-0.0285780736692153,0.8113636363636364,-0.0057792207792207,0,0,0
2017-11-01,1.2240909090909091,-0.0131818181818181,101.0247,0.0123182030434267,0.0229199553265404,246.626,0.0007750522450138,0.0202075775313248,0.72914351,0.1639308699999999,10.510454545454545,0.0380229843778057,0.6531818181818182,-0.1581818181818182,0,0,0
2017-12-01,1.1033333333333335,-0.1207575757575756,101.2664,0.0023924842142566,0.0296627015397192,247.284,0.0026680074282516,0.0217249386429556,0.75219045,0.0230469399999999,10.247142857142856,-0.0250523597407652,0.559047619047619,-0.0941341991341991,0,0,0
2018-01-01,0.9669565217391304,-0.1363768115942031,101.4644,0.0019552388551384,0.0246714346595786,247.805,0.0021068892447551,0.0212993071955225,0.57304923,-0.17914122,11.022173913043478,0.0756338685529673,0.5504347826086956,-0.0086128364389234,0,0,0
2018-02-01,0.967,4.347826086958939e-05,101.4625,-1.87257796822049e-05,0.0273528747654694,248.859,0.0042533443635115,0.0215131886806394,0.87378801,0.30073878,22.3145,1.0245098812670117,0.6825,0.1320652173913044,0,0,0
2018-03-01,1.0236363636363637,0.0566363636363637,101.7085,0.0024245410866083,0.0339949534690326,249.529,0.002692287600609,0.0226346893109186,1.08846929,0.2146812799999999,19.06681818181818,-0.1455413214807331,0.5622727272727274,-0.1202272727272726,0,0,0
2018-04-01,0.9771428571428572,-0.0464935064935065,102.2067,0.0048983123337773,0.0322480626418364,249.577,0.000192362410782,0.0233094976464993,1.02953583,-0.0589334599999999,18.267619047619046,-0.0419157054196509,0.4847619047619047,-0.0775108225108226,0,0,0
2018-05-01,1.0165217391304346,0.0393788819875775,103.3329,0.0110188471010217,0.0330975861407043,250.227,0.0026044066560619,0.0247099630210529,1.01435433,-0.0151814999999999,14.085217391304347,-0.2289516573239369,0.4652173913043478,-0.0195445134575569,0,0,0
2018-06-01,1.042857142857143,0.0263354037267082,102.4024,-0.0090048764720626,0.0225842014443662,250.792,0.0022579497815982,0.0278192160784249,1.2160918,0.20173747,13.67809523809524,-0.0289042151000417,0.379047619047619,-0.0861697722567287,0,0,0
2018-07-01,0.9890909090909092,-0.0537662337662337,103.198,0.007769349155879,0.0284103875448318,251.018,0.0009011451720948,0.0280755069359401,1.24572814,0.0296363399999999,13.283636363636363,-0.0288387284627362,0.2831818181818181,-0.0958658008658008,0,0,0
2018-08-01,0.9956521739130434,0.0065612648221342,103.3646,0.0016143723715575,0.0325432438156048,251.214,0.0007808204989283,0.0285412478556192,1.15523371,-0.0904944299999999,12.54695652173913,-0.0554576940930028,0.2534782608695652,-0.0297035573122529,0,0,0
2018-09-01,0.9765,-0.0191521739130433,104.0327,0.0064635281324554,0.0435358728088874,251.663,0.0017873207703393,0.0264292385687425,1.25524162,0.1000079099999999,12.908,0.0287753829094186,0.2365,-0.0169782608695651,0,0,0
2018-10-01,0.9886956521739132,0.012195652173913,104.1004,0.0006507569254665,0.043138260881764,252.182,0.0020622817021174,0.0233205510580882,1.1321469,-0.1230947200000001,19.35217391304348,0.4992387599196992,0.2939130434782608,0.0574130434782608,0,0,0
2018-11-01,1.095,0.1063043478260868,103.9856,-0.0011027815455079,0.0293086740173442,252.772,0.0023395801444987,0.0249203247021805,1.30012681,0.1679799100000001,19.45318181818181,0.0052194603868385,0.2572727272727272,-0.0366403162055335,0,0,0
2018-12-01,1.1842857142857144,0.0892857142857144,104.0681,0.0007933790832577,0.0276666298002101,252.594,-0.0007041919199911,0.0214732857766777,1.30865835,0.0085315399999998,25.28190476190476,0.2996282560971672,0.1557142857142857,-0.1015584415584415,0,0,0
2019-01-01,1.2169565217391305,0.0326708074534158,104.0936,0.0002450318589461,0.0259125368109405,252.767,0.0006848935445813,0.020023809043401,1.25496666,-0.0536916899999999,19.749565217391304,-0.218826057475293,0.1721739130434782,0.0164596273291925,0,0,0
2019-02-01,1.113,-0.1039565217391302,103.4021,-0.0066430597078013,0.0191164223235185,252.561,-0.0008149798035343,0.0148758935782913,1.04043434,-0.21453232,15.2185,-0.2294260743219442,0.1705,-0.0016739130434782,0,0,1
2019-03-01,1.2028571428571428,0.0898571428571428,102.8371,-0.0054641056612969,0.011096417703535,253.319,0.0030012551423219,0.0151886153513218,1.06818285,0.0277485099999998,14.485238095238095,-0.0481822718902589,0.1614285714285714,-0.0090714285714285,0,0,1
2019-04-01,1.1604545454545454,-0.0424025974025974,102.8757,0.0003753509190747,0.0065455591463181,254.277,0.0037817929172307,0.0188318635130639,0.51720765,-0.5509751999999999,12.909999999999998,-0.1087478220848813,0.1877272727272727,0.0262987012987012,0,0,1
2019-05-01,1.2808695652173914,0.1204150197628459,102.274,-0.0058488058890485,-0.0102474623280677,255.233,0.0037596794047436,0.0200058347020906,0.42030375,-0.0969039,16.683913043478263,0.2923247903546293,0.1873913043478261,-0.0003359683794466,0,0,1
2019-06-01,1.347,0.0661304347826086,102.392,0.0011537634198328,-0.0001015601196847,255.296,0.0002468332856644,0.0179591055536061,0.5404288,0.12012505,15.836000000000002,-0.0508221926875668,0.26,0.0726086956521739,0,0,1
2019-07-01,1.2334782608695654,-0.1135217391304346,102.4375,0.0004443706539574,-0.0073693288629623,255.213,-0.000325112810228,0.0167119489439004,0.42130162,-0.11912718,13.27391304347826,-0.1617887696717441,0.2226086956521739,-0.037391304347826,0,0,1
2019-08-01,1.350909090909091,0.1174308300395257,101.9408,-0.0048488102501526,-0.0137745417676844,255.802,0.0023078761661827,0.0182633133503706,0.44057188,0.01927026,18.97909090909091,0.4298037697644641,0.055,-0.1676086956521739,0,1,1
2019-09-01,1.3333333333333333,-0.0175757575757578,102.639,0.0068490731875754,-0.0133967492913287,256.036,0.0009147700174354,0.0173764121066664,0.42005179,-0.02052009,15.72190476190476,-0.171619713651615,0.049047619047619,-0.0059523809523809,0,1,1
2019-10-01,1.3013043478260868,-0.0320289855072464,102.2917,-0.0033837040501173,-0.0173745730083648,256.43,0.0015388460997671,0.0168449770403915,0.23500552,-0.1850462699999999,15.466521739130435,-0.0162437711359971,0.1543478260869565,0.1053002070393374,0,1,1
2019-11-01,1.2409523809523808,-0.060351966873706,101.4281,-0.0084425227071209,-0.0245947515809882,257.155,0.0028272822992627,0.0173397369961862,0.36832453,0.13331901,12.486666666666668,-0.1926648488085532,0.1995238095238095,0.045175983436853,1,1,1
2019-12-01,1.1418181818181818,-0.0991341991341989,101.9372,0.0050193191038776,-0.0204760152246461,257.879,0.0028154226050438,0.0209229039486291,0.43361185,0.06528732,13.707272727272729,0.0977527544532348,0.2509090909090909,0.0513852813852813,1,1,1
2020-01-01,1.18,0.038181818181818,101.7003,-0.0023239798621111,-0.0229918073733639,258.63,0.0029122185210892,0.0231952746996244,0.51426493,0.0806530799999999,13.85391304347826,0.0106979936215736,0.2439130434782608,-0.00699604743083,1,1,1
2020-02-01,1.271,0.0909999999999999,101.0338,-0.0065535696551534,-0.0229037901551323,259.127,0.0019216641534238,0.025997679768452,0.50509631,-0.0091686199999999,19.3315,0.3953819357268391,0.173,-0.0709130434782608,1,1,1
2020-03-01,2.148181818181818,0.8771818181818181,101.3735,0.0033622411509812,-0.0142322177502087,259.25,0.0004746707213065,0.0234131667975951,0.31598579,-0.18911052,57.73681818181819,1.9866703660770344,0.4218181818181818,0.2488181818181818,1,1,1
2020-04-01,1.7690909090909093,-0.3790909090909087,97.4078,-0.0391196910435174,-0.0531505496438906,258.076,-0.0045284474445514,0.0149403996429091,-0.12783745,-0.4438232399999999,41.46363636363637,-0.2818510325064359,0.4359090909090909,0.014090909090909,0,0,0
2020-05-01,1.8247619047619048,0.0556709956709955,84.5619,-0.1318775293149008,-0.173182822613763,256.032,-0.007920147553434,0.0031304729404111,-0.11159442,0.0162430299999999,30.76666666666667,-0.2579843601549367,0.5028571428571429,0.0669480519480519,0,0,0
2020-06-01,1.708181818181818,-0.1165800865800867,85.9604,0.0165381809065312,-0.1604773810453941,255.802,-0.0008983252093487,0.0019820130358485,-0.02785652,0.0837379,31.119545454545456,0.0114695163990938,0.5436363636363637,0.0407792207792208,0,0,0
2020-07-01,1.5282608695652171,-0.1799209486166006,91.5934,0.0655301743593561,-0.1058606467358145,257.042,0.0048474992376916,0.0071665628318304,-0.15369936,-0.12584284,26.876956521739128,-0.1363319698548694,0.4773913043478261,-0.0662450592885375,0,0,0
2020-08-01,1.596190476190476,0.0679296066252586,95.0256,0.0374721322715392,-0.0678354495942743,258.352,0.0050964433827935,0.0099686476258979,-0.3453445,-0.19164514,22.88952380952381,-0.1483587886519118,0.5104761904761905,0.0330848861283644,0,0,0
2020-09-01,1.633181818181818,0.0369913419913421,95.9549,0.0097794699533599,-0.0651224193532672,259.316,0.0037313432835821,0.0128106984955238,-0.407134,-0.0617895,27.788636363636364,0.2140329608811759,0.5463636363636364,0.0358874458874458,0,0,0
2020-10-01,1.5663636363636364,-0.0668181818181816,95.9669,0.0001250587515593,-0.061831018547937,259.997,0.0026261395363187,0.0139102289123738,-0.34333693,0.06379707,29.438636363636363,0.059376789073362,0.6372727272727272,0.0909090909090908,0,0,0
2020-11-01,1.43,-0.1363636363636364,96.7394,0.0080496504523956,-0.0462268345754283,260.319,0.0012384758285672,0.0123038634286716,-0.29173845,0.05159848,24.81714285714285,-0.1569873498693077,0.7085714285714286,0.0712987012987014,0,0,0
2020-12-01,1.3269565217391306,-0.1030434782608693,97.0816,0.0035373384577535,-0.0476332487060662,260.911,0.0022741328907993,0.0117574521384058,-0.21395564,0.0777828099999999,22.337391304347825,-0.0999209122125558,0.7982608695652174,0.0896894409937887,0,0,0
2021-01-01,1.3657142857142857,0.038757763975155,98.363,0.0131992056167182,-0.0328150457766595,262.045,0.0043463096611489,0.0132041913157794,-0.23232146,-0.01836582,24.78,0.1093506695733417,0.9442857142857142,0.1460248447204968,0,0,0
2021-02-01,1.4425,0.0767857142857142,98.8822,0.005278407531287,-0.0212958435691817,262.687,0.0024499608845809,0.0137384371370024,-0.23501721,-0.0026957499999999,22.982,-0.0725585149313963,1.14,0.1957142857142859,0,0,0
2021-03-01,1.4243478260869564,-0.0181521739130434,95.6149,-0.0330423473587763,-0.0568057727118034,263.579,0.0033956762230333,0.0166981677917068,-0.2308238,0.00419341,21.84304347826087,-0.0495586337890143,1.463913043478261,0.3239130434782609,0,0,1
2021-04-01,1.2654545454545454,-0.158893280632411,98.3856,0.0289777011741891,0.0100382104923835,264.961,0.0052432098156529,0.0266781878206419,0.01250687,0.24333067,17.412272727272725,-0.2028458513758779,1.471818181818182,0.0079051383399209,0,0,1
2021-05-01,1.3342857142857143,0.0688311688311689,98.5587,0.0017594038151924,0.1655213518144698,266.614,0.0062386539905872,0.0413307711536057,0.11804694,0.10554007,19.617619047619048,0.1266547081411206,1.4647619047619047,-0.0070562770562772,0,0,1
2021-06-01,1.2677272727272728,-0.0665584415584414,99.4333,0.0088738995136907,0.1567337983536605,268.383,0.0066350604244338,0.0491825708946762,0.03694758,-0.08109936,16.956818181818182,-0.1356332213069354,1.3163636363636364,-0.1483982683982683,0,0,1
2021-07-01,1.2472727272727273,-0.0204545454545455,99.7987,0.0036748252346043,0.0895839656569141,270.654,0.0084617878181554,0.0529563262034999,-0.00566485,-0.04261243,17.48818181818182,0.031336281999732,1.1036363636363635,-0.2127272727272726,0,0,1
2021-08-01,1.265,0.0177272727272728,100.2519,0.004541141317472,0.0549988634641613,271.903,0.0046147479808169,0.0524516938130923,0.03504108,0.04070593,17.472727272727273,-0.0008837136767687,1.0659090909090911,-0.0377272727272726,0,0,1
2021-09-01,1.1568181818181815,-0.1081818181818183,100.0437,-0.0020767686198466,0.0426116852813145,272.676,0.0028429256021447,0.0515201530179396,-0.26101879,-0.29605987,19.669545454545457,0.1257284079084288,1.133181818181818,0.0672727272727269,0,3,1
2021-10-01,1.1033333333333335,-0.0534848484848482,98.8579,-0.0118528203175212,0.0301249701720072,273.91,0.00452551746395,0.0535121559094913,-0.19473087,0.06628792,17.871428571428574,-0.0914162905936066,1.1947619047619047,0.0615800865800866,0,3,1
2021-11-01,1.0627272727272727,-0.0406060606060607,100.1861,0.0134354462314087,0.0356287097087639,276.55,0.009638202329232,0.0623504239029806,0.08790114,0.28263201,18.50409090909091,0.0354007702928564,1.049090909090909,-0.1456709956709956,0,3,1
2021-12-01,1.184782608695652,0.1220553359683793,100.8654,0.0067803817096383,0.0389754598193683,278.919,0.008566262881938,0.0690197040370086,0.16399788,0.07609674,21.20695652173913,0.1460685437575495,0.785217391304348,-0.2638735177865611,3,3,1
2022-01-01,1.1685714285714286,-0.0162111801242235,100.5726,-0.0029028784895513,0.0224637312810711,280.845,0.0069052305508052,0.0717434028506553,0.09168917,-0.07230871,22.990952380952383,0.0841231440911611,0.7838095238095238,-0.0014078674948241,3,3,1
2022-02-01,1.319,0.1504285714285713,100.1856,-0.0038479665435715,0.0131813410300336,282.543,0.0060460396304009,0.0755880572696783,0.3194951,0.22780593,25.8485,0.124290093411487,0.4965,-0.2873095238095238,3,3,1
2022-03-01,1.304782608695652,-0.0142173913043479,100.8064,0.0061964992973042,0.0542959308643318,284.5,0.0069263793475682,0.0793727876651781,0.44159289,0.12209779,26.96869565217392,0.0433369693473089,0.2182608695652173,-0.2782391304347826,3,3,1
2022-04-01,1.018095238095238,-0.286687370600414,101.3907,0.0057962589676845,0.0305441040152216,287.674,0.0111564147627416,0.0857220496601385,0.34708992,-0.09450297,24.293809523809525,-0.0991848535377264,0.2166666666666666,-0.0015942028985507,3,3,1
2022-05-01,1.2354545454545454,0.2173593073593074,101.44,0.0004862378896683,0.029234354755085,288.561,0.003083351293478,0.0823175077077722,0.94940027,0.60231035,29.313636363636363,0.2066298756029629,0.2809090909090909,0.0642424242424242,3,3,1
2022-06-01,1.0913636363636363,-0.1440909090909088,101.3335,-0.0010498817034699,0.0191102980591009,291.298,0.0094849962399632,0.0853817119564206,1.20389776,0.25449749,28.23318181818182,-0.0368584276632035,0.1422727272727272,-0.1386363636363636,3,3,1
2022-07-01,1.1723809523809523,0.0810173160173159,101.018,-0.0031134817212471,0.0122175940167557,294.957,0.0125610199864056,0.0897936110310579,1.02509351,-0.17880425,24.995238095238093,-0.1146857532316294,-0.1314285714285714,-0.2737012987012986,3,3,1
2022-08-01,1.1717391304347826,-0.0006418219461699,101.223,0.0020293413055099,0.0096865994559702,294.913,-0.0001491742864213,0.0846257672773009,1.06217493,0.03708142,22.169565217391305,-0.1130484481516148,-0.3521739130434782,-0.2207453416149068,3,3,1
2022-09-01,1.0736363636363635,-0.0981027667984189,101.0963,-0.0012516918091738,0.0105214021472617,295.097,0.0006239128149656,0.0822257917821882,0.8556253,-0.20654963,27.34181818181818,0.2333042129472802,-0.3313636363636363,0.0208102766798418,3,3,1
2022-10-01,1.1142857142857143,0.0406493506493506,101.2918,0.0019337997533044,0.024620187157526,296.349,0.0042426727482827,0.0819210689642582,1.20424868,0.34862338,30.005714285714287,0.097429369407026,-0.3923809523809524,-0.061017316017316,3,3,1
2022-11-01,1.0077272727272728,-0.1065584415584415,101.2529,-0.0003840389843995,0.0106481837300782,298.007,0.0055947548329842,0.07758813957693,1.79733203,0.5930833499999999,23.29909090909091,-0.22351153892765,-0.6145454545454545,-0.2221645021645021,3,3,1
2022-12-01,0.8140909090909091,-0.1936363636363637,100.9552,-0.0029401627015126,0.000890295383749,298.786,0.0026140325562822,0.0712285645653398,1.93071305,0.13338102,21.74272727272728,-0.066799328885247,-0.6672727272727272,-0.0527272727272727,3,3,1
2023-01-01,0.8650000000000001,0.050909090909091,99.7664,-0.0117755202307557,-0.0080160998124736,298.832,0.0001539563433359,0.0640460040235715,1.57612515,-0.3545879,20.237272727272725,-0.0692394531086677,-0.6718181818181818,-0.0045454545454545,3,3,1
2023-02-01,0.818,-0.0470000000000001,100.505,0.0074032940950059,0.0031880829181039,300.42,0.005314022594635,0.0632717851796009,1.78309897,0.2069738199999999,20.1205,-0.0057701810340954,-0.7865,-0.1146818181818182,3,3,1
2023-03-01,0.9330434782608696,0.1150434782608696,100.6416,0.0013591363613749,-0.0016348168370262,301.45,0.0034285333865919,0.0595782073813708,1.42020217,-0.3628967999999999,21.64434782608696,0.0757360814138294,-0.6395652173913043,0.1469347826086956,3,3,1
2023-04-01,1.0045,0.0714565217391303,101.0205,0.0037648447560452,-0.0036512224493961,301.821,0.001230718195389,0.0491771936288996,2.05963636,0.6394341899999998,17.847,-0.1754429311799444,-0.5559999999999999,0.0835652173913044,3,3,1
2023-05-01,1.0882608695652174,0.0837608695652174,101.253,0.0023015130592305,-0.001843454258675,302.845,0.003392739405144,0.0495007987912436,1.44391386,-0.6157224999999997,17.63608695652174,-0.0118178429695893,-0.5660869565217391,-0.0100869565217391,0,0,0
2023-06-01,0.9,-0.1882608695652173,100.9286,-0.0032038556882264,-0.0039957171123073,303.334,0.0016146873813336,0.0413185123138504,1.53690406,0.0929901999999998,14.003181818181815,-0.2059926982270005,-0.8931818181818181,-0.3270948616600789,0,0,0
2023-07-01,0.7647619047619048,-0.1352380952380952,100.1196,-0.0080155674407451,-0.0088934645310736,304.014,0.002241753314828,0.0307061707299709,1.06063107,-0.47627299,13.932380952380951,-0.0050560555965172,-0.9361904761904762,-0.0430086580086581,0,0,0
2023-08-01,0.7847826086956522,0.0200207039337474,100.9067,0.0078615975293547,-0.0031247838929887,304.609,0.0019571467103487,0.0328774926842829,1.4260473,0.3654162300000001,15.85391304347826,0.1379184288503776,-0.7339130434782608,0.2022774327122154,0,0,0
2023-09-01,0.7480952380952381,-0.036687370600414,100.8393,-0.0006679437539827,-0.0025421306219911,306.082,0.0048357074150797,0.0372250480350528,1.60209539,0.1760480899999998,15.173333333333332,-0.0429281848764078,-0.6452380952380953,0.0886749482401655,0,0,0
2023-10-01,0.8163636363636364,0.0682683982683982,101.0211,0.0018028685244741,-0.0026724769428521,307.276,0.0039009154409603,0.0368720663811925,1.69970754,0.09761215,18.887727272727272,0.2447974916120787,-0.2709090909090909,0.3743290043290043,0,0,0
2023-11-01,0.7763636363636363,-0.0400000000000001,100.4689,-0.0054661847871385,-0.007742988102069,307.696,0.0013668493471667,0.0325126590986117,2.08246076,0.3827532200000001,14.01909090909091,-0.2577671888912953,-0.3836363636363636,-0.1127272727272726,0,0,0
2023-12-01,0.7228571428571429,-0.0535064935064933,100.8639,0.0039315648922202,-0.0009043615385835,308.148,0.0014689823722116,0.0313334627459118,2.09432864,0.01186788,12.733333333333333,-0.0917147612562956,-0.4357142857142857,-0.0520779220779221,0,0,0
2024-01-01,0.8086956521739131,0.0858385093167702,100.6031,-0.0025856624619908,0.0083865910767553,308.741,0.0019243999636537,0.0331590994271029,1.68089907,-0.4134295700000001,13.347826086956522,0.0482585932164807,-0.2647826086956522,0.1709316770186335,0,0,0
2024-02-01,0.8176190476190477,0.0089233954451345,99.2223,-0.0137252231790073,-0.0127625491269089,309.698,0.0030996854969052,0.0308834298648557,1.68087145,-2.7620000000005973e-05,13.980476190476187,0.0473972390259034,-0.3366666666666666,-0.0718840579710144,0,0,0
2024-03-01,0.7976190476190477,-0.02,100.285,0.0107102939560965,-0.0035432664027599,310.967,0.0040975401843086,0.0315707414164869,1.6168231,-0.0640483499999999,13.75047619047619,-0.0164515140161448,-0.38,-0.0433333333333333,0,0,0
2024-04-01,0.7395454545454545,-0.0580735930735931,100.4575,0.0017200977214937,-0.0055731262466529,312.345,0.0044313383735252,0.0348683491208365,1.92596928,0.3091461799999999,16.137727272727275,0.173612247981967,-0.334090909090909,0.0459090909090909,0,0,0
2024-05-01,0.7704347826086956,0.030889328063241,100.2434,-0.0021312495333848,-0.0099710625857999,313.023,0.002170676655621,0.0336079512621967,1.93819396,0.01222468,13.058695652173911,-0.1907971034903358,-0.3782608695652174,-0.0441699604743083,0,0,0
2024-06-01,0.8234999999999999,0.0530652173913043,100.863,0.0061809555541811,-0.0006499644303002,313.175,0.0004855873210594,0.0324427858400311,2.10339878,0.16520482,12.667,-0.0299950058265356,-0.4335,-0.0552391304347826,0,0,0
2024-07-01,0.8673913043478261,0.0438913043478261,100.894,0.0003073475902957,0.0077347492399091,313.044,-0.0004182964796041,0.0297025794864709,1.99956671,-0.1038320699999999,14.373913043478264,0.1347527467812632,-0.2517391304347826,0.1817608695652173,0,0,0
2024-08-01,0.995909090909091,0.1285177865612649,99.9757,-0.0091016314151486,-0.009226344732312,313.569,0.0016770805381991,0.029414757935583,2.04839593,0.0488292199999997,19.312272727272727,0.3435640433371829,-0.0945454545454545,0.1571936758893281,0,0,0
2024-09-01,0.9595238095238094,-0.0363852813852815,100.4309,0.0045531064048562,-0.0040500082805017,314.062,0.0015722217438585,0.0260714449069203,1.66418984,-0.3842060899999999,17.663333333333334,-0.0853829798918884,0.0961904761904761,0.1907359307359307,0,0,0
2024-10-01,0.8543478260869565,-0.1051759834368529,99.8084,-0.0061982915616607,-0.012004422838397,314.732,0.0021333367296902,0.0242648303154167,1.58158069,-0.0826091499999999,19.9608695652174,0.1300737628920962,0.1234782608695652,0.027287784679089,0,0,0
2024-11-01,0.7804761904761905,-0.0738716356107659,99.4695,-0.0033955057890919,-0.0099473568437596,315.631,0.0028563984596416,0.0257884405387134,1.48014834,-0.10143235,16.015238095238097,-0.1976683158560745,0.0938095238095238,-0.0296687370600414,0,0,0
2024-12-01,0.8045454545454546,0.024069264069264,99.2925,-0.0017794399288223,-0.0155794094814893,316.528,0.0028419261732848,0.0271947246128483,1.95841688,0.4782685399999999,15.793636363636365,-0.0138369301963499,0.1718181818181818,0.078008658008658,0,0,0
2025-01-01,0.8334782608695651,0.0289328063241105,100.3273,0.0104217337663972,-0.0027414662172438,317.604,0.0033993833089014,0.0287069096750998,1.82436879,-0.1340480899999998,16.789130434782606,0.0630313404858613,0.3552173913043478,0.1833992094861659,0,0,0
2025-02-01,0.868,0.0345217391304348,100.0647,-0.0026174331413283,0.0084900269395085,318.961,0.0042726162139017,0.0299097830789996,2.05553249,0.2311636999999999,16.968,0.0106538909750097,0.2395,-0.1157173913043478,0,0,0
2025-03-01,1.0076190476190476,0.1396190476190476,101.0993,0.0103393104661284,0.00811985840355,319.679,0.0022510589068882,0.0280158344776133,2.02768935,-0.0278431399999998,21.841428571428573,0.2872129049639658,0.3104761904761904,0.0709761904761904,0,0,0
2025-04-01,1.1736363636363636,0.1660173160173159,101.0404,-0.0005825955273676,0.005802453773984,319.785,0.0003315826188146,0.0238198146280554,1.85917469,-0.1685146600000002,31.86090909090909,0.458737416681036,0.5027272727272728,0.1922510822510823,0,0,0
2025-05-01,1.12,-0.0536363636363634,101.1279,0.0008659902375682,0.0088235235436946,320.302,0.0016167112278562,0.0232538823025783,1.67048701,-0.1886876799999999,20.46227272727273,-0.357762433303849,0.504090909090909,0.0013636363636362,0,0,0
2025-06-01,1.0771428571428572,-0.0428571428571429,100.9655,-0.0016058871982903,0.0010162299356553,320.62,0.0009928130327003,0.0237726510736808,1.66614308,-0.0043439299999998,18.403333333333336,-0.1006212467882503,0.4919047619047619,-0.0121861471861471,0,0,0
2025-07-01,1.057391304347826,-0.0197515527950311,101.4785,0.0050809434905982,0.0057932087140959,321.435,0.0025419499719294,0.0268045386591022,1.86923994,0.2030968599999998,16.381304347826084,-0.1098729751226544,0.5078260869565218,0.0159213250517598,0,0,0
2025-08-01,1.0871428571428572,0.0297515527950311,101.894,0.0040944633592339,0.0191876626020122,322.169,0.0022835098853577,0.0274261805216713,1.65988735,-0.2093525899999999,15.75,-0.0385381001672106,0.5609523809523809,0.0531262939958591,0,0,0
2025-09-01,1.0954545454545457,0.0083116883116882,101.6247,-0.0026429426659076,0.0118867798655593,323.291,0.0034826442022666,0.0293859174303161,1.56632926,-0.0935580899999999,15.789090909090907,0.0024819624819625,0.5559090909090909,-0.0050432900432899,0,0,0
2025-10-01,1.0660869565217392,-0.0293675889328062,101.668,0.000426077518556,0.018631698334008,324.245,0.002950901819104,0.0302257158471332,1.56519918,-0.00113008,18.08652173913044,0.1455074800232312,0.54,-0.0159090909090908,0,0,0
2025-11-01,1.165,0.0989130434782608,101.2195,-0.0044114175551797,0.0175933326296,324.245,0.0,0.0272913623820221,1.55378693,-0.01141225,19.7695,0.0930515156614342,0.5445,0.0044999999999999,0,0,0
2025-12-01,1.1665217391304348,0.0015217391304347,101.0344,-0.0018286990155058,0.0175431175567137,325.063,0.0025227836975125,0.0269644391649395,1.60842769,0.05464076,15.45782608695652,-0.2180972666503189,0.6439130434782608,0.0994130434782608,0,0,0
2026-01-01,1.1290909090909091,-0.0374308300395256,101.5203,0.0048092530860777,0.0118910804935448,326.031,0.002977884287046,0.0265330411455775,1.45728631,-0.1511413800000001,16.123181818181816,0.0430432926002919,0.6768181818181819,0.032905138339921,0,0,0
2026-02-01,1.1795,0.0504090909090908,101.4737,-0.0004590214961934,0.0140808896643871,326.588,0.0017084264993205,0.0239120143215001,1.66607473,0.20878842,19.207,0.1912661047052524,0.6535,-0.0233181818181819,0,0,0
2026-03-01,1.238181818181818,0.058681818181818,102.1009,0.0061809119013103,0.009907091344846,327.46,0.002670030742097,0.0243400411037322,1.74809329,0.0820185599999998,25.596818181818183,0.3326817400852908,0.5313636363636364,-0.1221363636363636,0,0,0
2026-04-01,1.105909090909091,-0.1322727272727271,101.806,-0.0028883192998299,0.0075771671529407,330.293,0.0086514383436144,0.0328595775286519,1.47473279,-0.2733604999999999,19.99636363636364,-0.2187949496563849,0.52,-0.0113636363636363,0,0,0
